  0
SECTION
  2
HEADER
  9
$ACADVER
  1
AC1014
  9
$HANDSEED
  5
FFFF
  9
$INSUNITS
 70
     4
  9
$MEASUREMENT
 70
     1
  0
ENDSEC
  0
SECTION
  2
TABLES
  0
TABLE
  2
VPORT
  5
8
330
0
100
AcDbSymbolTable
 70
     4
  0
VPORT
  5
2E
330
8
100
AcDbSymbolTableRecord
100
AcDbViewportTableRecord
  2
*ACTIVE
 70
     0
 10
0.0
 20
0.0
 11
1.0
 21
1.0
 12
210.0
 22
148.5
 13
0.0
 23
0.0
 14
10.0
 24
10.0
 15
10.0
 25
10.0
 16
0.0
 26
0.0
 36
1.0
 17
0.0
 27
0.0
 37
0.0
 40
341.0
 41
1.24
 42
50.0
 43
0.0
 44
0.0
 50
0.0
 51
0.0
 71
     0
 72
   100
 73
     1
 74
     3
 75
     0
 76
     0
 77
     0
 78
     0
  0
ENDTAB
  0
TABLE
  2
LTYPE
  5
5
330
0
100
AcDbSymbolTable
 70
     1
  0
LTYPE
  5
14
330
5
100
AcDbSymbolTableRecord
100
AcDbLinetypeTableRecord
  2
BYBLOCK
 70
     0
  3

 72
    65
 73
     0
 40
0.0
  0
LTYPE
  5
15
330
5
100
AcDbSymbolTableRecord
100
AcDbLinetypeTableRecord
  2
BYLAYER
 70
     0
  3

 72
    65
 73
     0
 40
0.0
  0
LTYPE
  5
16
330
5
100
AcDbSymbolTableRecord
100
AcDbLinetypeTableRecord
  2
CONTINUOUS
 70
     0
  3
Solid line
 72
    65
 73
     0
 40
0.0
  0
ENDTAB
  0
TABLE
  2
LAYER
  5
2
100
AcDbSymbolTable
 70
2
  0
LAYER
  5
50
100
AcDbSymbolTableRecord
100
AcDbLayerTableRecord
  2
0
 70
0
  6
CONTINUOUS
  0
LAYER
  5
51
100
AcDbSymbolTableRecord
100
AcDbLayerTableRecord
  2
Layer_1
 70
0
  6
CONTINUOUS
  0
ENDTAB
  0
TABLE
  2
STYLE
  5
3
330
0
100
AcDbSymbolTable
 70
     1
  0
STYLE
  5
11
330
3
100
AcDbSymbolTableRecord
100
AcDbTextStyleTableRecord
  2
STANDARD
 70
     0
 40
0.0
 41
1.0
 50
0.0
 71
     0
 42
2.5
  3
txt
  4

  0
ENDTAB
  0
TABLE
  2
VIEW
  5
6
330
0
100
AcDbSymbolTable
 70
     0
  0
ENDTAB
  0
TABLE
  2
UCS
  5
7
330
0
100
AcDbSymbolTable
 70
     0
  0
ENDTAB
  0
TABLE
  2
APPID
  5
9
330
0
100
AcDbSymbolTable
 70
     2
  0
APPID
  5
12
330
9
100
AcDbSymbolTableRecord
100
AcDbRegAppTableRecord
  2
ACAD
 70
     0
  0
ENDTAB
  0
TABLE
  2
DIMSTYLE
  5
A
330
0
100
AcDbSymbolTable
 70
     1
  0
DIMSTYLE
105
27
330
A
100
AcDbSymbolTableRecord
100
AcDbDimStyleTableRecord
  2
ISO-25
 70
     0
  3

  4

  5

  6

  7

 40
1.0
 41
2.5
 42
0.625
 43
3.75
 44
1.25
 45
0.0
 46
0.0
 47
0.0
 48
0.0
140
2.5
141
2.5
142
0.0
143
0.03937007874016
144
1.0
145
0.0
146
1.0
147
0.625
 71
     0
 72
     0
 73
     0
 74
     0
 75
     0
 76
     0
 77
     1
 78
     8
170
     0
171
     3
172
     1
173
     0
174
     0
175
     0
176
     0
177
     0
178
     0
270
     2
271
     2
272
     2
273
     2
274
     3
340
11
275
     0
280
     0
281
     0
282
     0
283
     0
284
     8
285
     0
286
     0
287
     3
288
     0
  0
ENDTAB
  0
TABLE
  2
BLOCK_RECORD
  5
1
330
0
100
AcDbSymbolTable
 70
     1
  0
BLOCK_RECORD
  5
1F
330
1
100
AcDbSymbolTableRecord
100
AcDbBlockTableRecord
  2
*MODEL_SPACE
  0
BLOCK_RECORD
  5
1B
330
1
100
AcDbSymbolTableRecord
100
AcDbBlockTableRecord
  2
*PAPER_SPACE
  0
ENDTAB
  0
ENDSEC
  0
SECTION
  2
BLOCKS
  0
BLOCK
  5
20
330
1F
100
AcDbEntity
  8
0
100
AcDbBlockBegin
  2
*MODEL_SPACE
 70
     0
 10
0.0
 20
0.0
 30
0.0
  3
*MODEL_SPACE
  1

  0
ENDBLK
  5
21
330
1F
100
AcDbEntity
  8
0
100
AcDbBlockEnd
  0
BLOCK
  5
1C
330
1B
100
AcDbEntity
 67
     1
  8
0
100
AcDbBlockBegin
  2
*PAPER_SPACE
  1

  0
ENDBLK
  5
1D
330
1B
100
AcDbEntity
 67
     1
  8
0
100
AcDbBlockEnd
  0
ENDSEC
  0
SECTION
  2
ENTITIES
  0
LWPOLYLINE
  5
100
100
AcDbEntity
  8
Layer_1
 62
7
100
AcDbPolyline
 90
6
 70
1
 10
-0.004123
 20
52.176778
 30
0.0
 10
-1.203095
 20
51.477414
 30
0.0
 10
-2.408248
 20
52.166073
 30
0.0
 10
-2.414428
 20
53.554096
 30
0.0
 10
-1.215455
 20
54.253459
 30
0.0
 10
-0.010303
 20
53.564801
 30
0.0
  0
LWPOLYLINE
  5
101
100
AcDbEntity
  8
Layer_1
 62
7
100
AcDbPolyline
 90
6
 70
1
 10
-0.004123
 20
47.857754
 30
0.0
 10
-1.203095
 20
47.158390
 30
0.0
 10
-2.408248
 20
47.847049
 30
0.0
 10
-2.414428
 20
49.235071
 30
0.0
 10
-1.215455
 20
49.934435
 30
0.0
 10
-0.010303
 20
49.245776
 30
0.0
  0
LWPOLYLINE
  5
102
100
AcDbEntity
  8
Layer_1
 62
7
100
AcDbPolyline
 90
6
 70
1
 10
-1.254123
 20
50.017266
 30
0.0
 10
-2.453095
 20
49.317902
 30
0.0
 10
-3.658248
 20
50.006561
 30
0.0
 10
-3.664428
 20
51.394584
 30
0.0
 10
-2.465456
 20
52.093947
 30
0.0
 10
-1.260303
 20
51.405288
 30
0.0
  0
LWPOLYLINE
  5
103
100
AcDbEntity
  8
Layer_1
 62
7
100
AcDbPolyline
 90
6
 70
1
 10
-2.504123
 20
52.176778
 30
0.0
 10
-3.703095
 20
51.477414
 30
0.0
 10
-4.908248
 20
52.166073
 30
0.0
 10
-4.914420
 20
53.554096
 30
0.0
 10
-3.715449
 20
54.253459
 30
0.0
 10
-2.510296
 20
53.564801
 30
0.0
  0
LWPOLYLINE
  5
104
100
AcDbEntity
  8
Layer_1
 62
7
100
AcDbPolyline
 90
6
 70
1
 10
-0.004123
 20
43.538731
 30
0.0
 10
-1.203095
 20
42.839367
 30
0.0
 10
-2.408248
 20
43.528026
 30
0.0
 10
-2.414428
 20
44.916048
 30
0.0
 10
-1.215455
 20
45.615412
 30
0.0
 10
-0.010303
 20
44.926753
 30
0.0
  0
LWPOLYLINE
  5
105
100
AcDbEntity
  8
Layer_1
 62
7
100
AcDbPolyline
 90
6
 70
1
 10
-1.254123
 20
45.698243
 30
0.0
 10
-2.453095
 20
44.998879
 30
0.0
 10
-3.658248
 20
45.687538
 30
0.0
 10
-3.664428
 20
47.075560
 30
0.0
 10
-2.465456
 20
47.774924
 30
0.0
 10
-1.260303
 20
47.086265
 30
0.0
  0
LWPOLYLINE
  5
106
100
AcDbEntity
  8
Layer_1
 62
7
100
AcDbPolyline
 90
6
 70
1
 10
-2.504123
 20
47.857754
 30
0.0
 10
-3.703095
 20
47.158390
 30
0.0
 10
-4.908248
 20
47.847049
 30
0.0
 10
-4.914420
 20
49.235071
 30
0.0
 10
-3.715449
 20
49.934435
 30
0.0
 10
-2.510296
 20
49.245776
 30
0.0
  0
LWPOLYLINE
  5
107
100
AcDbEntity
  8
Layer_1
 62
7
100
AcDbPolyline
 90
6
 70
1
 10
-3.754123
 20
50.017266
 30
0.0
 10
-4.953095
 20
49.317902
 30
0.0
 10
-6.158249
 20
50.006561
 30
0.0
 10
-6.164422
 20
51.394584
 30
0.0
 10
-4.965449
 20
52.093947
 30
0.0
 10
-3.760296
 20
51.405288
 30
0.0
  0
LWPOLYLINE
  5
108
100
AcDbEntity
  8
Layer_1
 62
7
100
AcDbPolyline
 90
6
 70
1
 10
-5.004122
 20
52.176778
 30
0.0
 10
-6.203095
 20
51.477414
 30
0.0
 10
-7.408249
 20
52.166073
 30
0.0
 10
-7.414422
 20
53.554096
 30
0.0
 10
-6.215449
 20
54.253459
 30
0.0
 10
-5.010295
 20
53.564801
 30
0.0
  0
LWPOLYLINE
  5
109
100
AcDbEntity
  8
Layer_1
 62
7
100
AcDbPolyline
 90
6
 70
1
 10
-0.004123
 20
39.219706
 30
0.0
 10
-1.203095
 20
38.520343
 30
0.0
 10
-2.408248
 20
39.209002
 30
0.0
 10
-2.414428
 20
40.597024
 30
0.0
 10
-1.215455
 20
41.296388
 30
0.0
 10
-0.010303
 20
40.607729
 30
0.0
  0
LWPOLYLINE
  5
10a
100
AcDbEntity
  8
Layer_1
 62
7
100
AcDbPolyline
 90
6
 70
1
 10
-1.254123
 20
41.379218
 30
0.0
 10
-2.453095
 20
40.679855
 30
0.0
 10
-3.658248
 20
41.368514
 30
0.0
 10
-3.664428
 20
42.756536
 30
0.0
 10
-2.465456
 20
43.455900
 30
0.0
 10
-1.260303
 20
42.767241
 30
0.0
  0
LWPOLYLINE
  5
10b
100
AcDbEntity
  8
Layer_1
 62
7
100
AcDbPolyline
 90
6
 70
1
 10
-2.504123
 20
43.538731
 30
0.0
 10
-3.703095
 20
42.839367
 30
0.0
 10
-4.908248
 20
43.528026
 30
0.0
 10
-4.914420
 20
44.916048
 30
0.0
 10
-3.715449
 20
45.615412
 30
0.0
 10
-2.510296
 20
44.926753
 30
0.0
  0
LWPOLYLINE
  5
10c
100
AcDbEntity
  8
Layer_1
 62
7
100
AcDbPolyline
 90
6
 70
1
 10
-3.754123
 20
45.698243
 30
0.0
 10
-4.953095
 20
44.998879
 30
0.0
 10
-6.158249
 20
45.687538
 30
0.0
 10
-6.164422
 20
47.075560
 30
0.0
 10
-4.965449
 20
47.774924
 30
0.0
 10
-3.760296
 20
47.086265
 30
0.0
  0
LWPOLYLINE
  5
10d
100
AcDbEntity
  8
Layer_1
 62
7
100
AcDbPolyline
 90
6
 70
1
 10
-5.004122
 20
47.857754
 30
0.0
 10
-6.203095
 20
47.158390
 30
0.0
 10
-7.408249
 20
47.847049
 30
0.0
 10
-7.414422
 20
49.235071
 30
0.0
 10
-6.215449
 20
49.934435
 30
0.0
 10
-5.010295
 20
49.245776
 30
0.0
  0
LWPOLYLINE
  5
10e
100
AcDbEntity
  8
Layer_1
 62
7
100
AcDbPolyline
 90
6
 70
1
 10
-6.254122
 20
50.017266
 30
0.0
 10
-7.453095
 20
49.317902
 30
0.0
 10
-8.658249
 20
50.006561
 30
0.0
 10
-8.664422
 20
51.394584
 30
0.0
 10
-7.465449
 20
52.093947
 30
0.0
 10
-6.260295
 20
51.405288
 30
0.0
  0
LWPOLYLINE
  5
10f
100
AcDbEntity
  8
Layer_1
 62
7
100
AcDbPolyline
 90
6
 70
1
 10
-7.504122
 20
52.176778
 30
0.0
 10
-8.703095
 20
51.477414
 30
0.0
 10
-9.908249
 20
52.166073
 30
0.0
 10
-9.914422
 20
53.554096
 30
0.0
 10
-8.715449
 20
54.253459
 30
0.0
 10
-7.510297
 20
53.564801
 30
0.0
  0
LWPOLYLINE
  5
110
100
AcDbEntity
  8
Layer_1
 62
7
100
AcDbPolyline
 90
6
 70
1
 10
-0.004123
 20
34.900684
 30
0.0
 10
-1.203095
 20
34.201319
 30
0.0
 10
-2.408248
 20
34.889978
 30
0.0
 10
-2.414428
 20
36.278002
 30
0.0
 10
-1.215455
 20
36.977364
 30
0.0
 10
-0.010303
 20
36.288705
 30
0.0
  0
LWPOLYLINE
  5
111
100
AcDbEntity
  8
Layer_1
 62
7
100
AcDbPolyline
 90
6
 70
1
 10
-1.254123
 20
37.060195
 30
0.0
 10
-2.453095
 20
36.360832
 30
0.0
 10
-3.658248
 20
37.049491
 30
0.0
 10
-3.664428
 20
38.437513
 30
0.0
 10
-2.465456
 20
39.136877
 30
0.0
 10
-1.260303
 20
38.448218
 30
0.0
  0
LWPOLYLINE
  5
112
100
AcDbEntity
  8
Layer_1
 62
7
100
AcDbPolyline
 90
6
 70
1
 10
-2.504123
 20
39.219706
 30
0.0
 10
-3.703095
 20
38.520343
 30
0.0
 10
-4.908248
 20
39.209002
 30
0.0
 10
-4.914420
 20
40.597024
 30
0.0
 10
-3.715449
 20
41.296388
 30
0.0
 10
-2.510296
 20
40.607729
 30
0.0
  0
LWPOLYLINE
  5
113
100
AcDbEntity
  8
Layer_1
 62
7
100
AcDbPolyline
 90
6
 70
1
 10
-3.754123
 20
41.379218
 30
0.0
 10
-4.953095
 20
40.679855
 30
0.0
 10
-6.158249
 20
41.368514
 30
0.0
 10
-6.164422
 20
42.756536
 30
0.0
 10
-4.965449
 20
43.455900
 30
0.0
 10
-3.760296
 20
42.767241
 30
0.0
  0
LWPOLYLINE
  5
114
100
AcDbEntity
  8
Layer_1
 62
7
100
AcDbPolyline
 90
6
 70
1
 10
-5.004122
 20
43.538731
 30
0.0
 10
-6.203095
 20
42.839367
 30
0.0
 10
-7.408249
 20
43.528026
 30
0.0
 10
-7.414422
 20
44.916048
 30
0.0
 10
-6.215449
 20
45.615412
 30
0.0
 10
-5.010295
 20
44.926753
 30
0.0
  0
LWPOLYLINE
  5
115
100
AcDbEntity
  8
Layer_1
 62
7
100
AcDbPolyline
 90
6
 70
1
 10
-6.254122
 20
45.698243
 30
0.0
 10
-7.453095
 20
44.998879
 30
0.0
 10
-8.658249
 20
45.687538
 30
0.0
 10
-8.664422
 20
47.075560
 30
0.0
 10
-7.465449
 20
47.774924
 30
0.0
 10
-6.260295
 20
47.086265
 30
0.0
  0
LWPOLYLINE
  5
116
100
AcDbEntity
  8
Layer_1
 62
7
100
AcDbPolyline
 90
6
 70
1
 10
-7.504122
 20
47.857754
 30
0.0
 10
-8.703095
 20
47.158390
 30
0.0
 10
-9.908249
 20
47.847049
 30
0.0
 10
-9.914422
 20
49.235071
 30
0.0
 10
-8.715449
 20
49.934435
 30
0.0
 10
-7.510297
 20
49.245776
 30
0.0
  0
LWPOLYLINE
  5
117
100
AcDbEntity
  8
Layer_1
 62
7
100
AcDbPolyline
 90
6
 70
1
 10
-8.754124
 20
50.017266
 30
0.0
 10
-9.953095
 20
49.317902
 30
0.0
 10
-11.158249
 20
50.006561
 30
0.0
 10
-11.164422
 20
51.394584
 30
0.0
 10
-9.965449
 20
52.093947
 30
0.0
 10
-8.760297
 20
51.405288
 30
0.0
  0
LWPOLYLINE
  5
118
100
AcDbEntity
  8
Layer_1
 62
7
100
AcDbPolyline
 90
6
 70
1
 10
-10.004124
 20
52.176778
 30
0.0
 10
-11.203096
 20
51.477414
 30
0.0
 10
-12.408249
 20
52.166073
 30
0.0
 10
-12.414422
 20
53.554096
 30
0.0
 10
-11.215449
 20
54.253459
 30
0.0
 10
-10.010297
 20
53.564801
 30
0.0
  0
LWPOLYLINE
  5
119
100
AcDbEntity
  8
Layer_1
 62
7
100
AcDbPolyline
 90
6
 70
1
 10
-0.004123
 20
30.581660
 30
0.0
 10
-1.203095
 20
29.882297
 30
0.0
 10
-2.408248
 20
30.570956
 30
0.0
 10
-2.414428
 20
31.958978
 30
0.0
 10
-1.215455
 20
32.658342
 30
0.0
 10
-0.010303
 20
31.969683
 30
0.0
  0
LWPOLYLINE
  5
11a
100
AcDbEntity
  8
Layer_1
 62
7
100
AcDbPolyline
 90
6
 70
1
 10
-1.254123
 20
32.741171
 30
0.0
 10
-2.453095
 20
32.041808
 30
0.0
 10
-3.658248
 20
32.730467
 30
0.0
 10
-3.664428
 20
34.118489
 30
0.0
 10
-2.465456
 20
34.817853
 30
0.0
 10
-1.260303
 20
34.129194
 30
0.0
  0
LWPOLYLINE
  5
11b
100
AcDbEntity
  8
Layer_1
 62
7
100
AcDbPolyline
 90
6
 70
1
 10
-2.504123
 20
34.900684
 30
0.0
 10
-3.703095
 20
34.201319
 30
0.0
 10
-4.908248
 20
34.889978
 30
0.0
 10
-4.914420
 20
36.278002
 30
0.0
 10
-3.715449
 20
36.977364
 30
0.0
 10
-2.510296
 20
36.288705
 30
0.0
  0
LWPOLYLINE
  5
11c
100
AcDbEntity
  8
Layer_1
 62
7
100
AcDbPolyline
 90
6
 70
1
 10
-3.754123
 20
37.060195
 30
0.0
 10
-4.953095
 20
36.360832
 30
0.0
 10
-6.158249
 20
37.049491
 30
0.0
 10
-6.164422
 20
38.437513
 30
0.0
 10
-4.965449
 20
39.136877
 30
0.0
 10
-3.760296
 20
38.448218
 30
0.0
  0
LWPOLYLINE
  5
11d
100
AcDbEntity
  8
Layer_1
 62
7
100
AcDbPolyline
 90
6
 70
1
 10
-5.004122
 20
39.219706
 30
0.0
 10
-6.203095
 20
38.520343
 30
0.0
 10
-7.408249
 20
39.209002
 30
0.0
 10
-7.414422
 20
40.597024
 30
0.0
 10
-6.215449
 20
41.296388
 30
0.0
 10
-5.010295
 20
40.607729
 30
0.0
  0
LWPOLYLINE
  5
11e
100
AcDbEntity
  8
Layer_1
 62
7
100
AcDbPolyline
 90
6
 70
1
 10
-6.254122
 20
41.379218
 30
0.0
 10
-7.453095
 20
40.679855
 30
0.0
 10
-8.658249
 20
41.368514
 30
0.0
 10
-8.664422
 20
42.756536
 30
0.0
 10
-7.465449
 20
43.455900
 30
0.0
 10
-6.260295
 20
42.767241
 30
0.0
  0
LWPOLYLINE
  5
11f
100
AcDbEntity
  8
Layer_1
 62
7
100
AcDbPolyline
 90
6
 70
1
 10
-7.504122
 20
43.538731
 30
0.0
 10
-8.703095
 20
42.839367
 30
0.0
 10
-9.908249
 20
43.528026
 30
0.0
 10
-9.914422
 20
44.916048
 30
0.0
 10
-8.715449
 20
45.615412
 30
0.0
 10
-7.510297
 20
44.926753
 30
0.0
  0
LWPOLYLINE
  5
120
100
AcDbEntity
  8
Layer_1
 62
7
100
AcDbPolyline
 90
6
 70
1
 10
-8.754124
 20
45.698243
 30
0.0
 10
-9.953095
 20
44.998879
 30
0.0
 10
-11.158249
 20
45.687538
 30
0.0
 10
-11.164422
 20
47.075560
 30
0.0
 10
-9.965449
 20
47.774924
 30
0.0
 10
-8.760297
 20
47.086265
 30
0.0
  0
LWPOLYLINE
  5
121
100
AcDbEntity
  8
Layer_1
 62
7
100
AcDbPolyline
 90
6
 70
1
 10
-10.004124
 20
47.857754
 30
0.0
 10
-11.203096
 20
47.158390
 30
0.0
 10
-12.408249
 20
47.847049
 30
0.0
 10
-12.414422
 20
49.235071
 30
0.0
 10
-11.215449
 20
49.934435
 30
0.0
 10
-10.010297
 20
49.245776
 30
0.0
  0
LWPOLYLINE
  5
122
100
AcDbEntity
  8
Layer_1
 62
7
100
AcDbPolyline
 90
6
 70
1
 10
-11.254124
 20
50.017266
 30
0.0
 10
-12.453096
 20
49.317902
 30
0.0
 10
-13.658249
 20
50.006561
 30
0.0
 10
-13.664422
 20
51.394584
 30
0.0
 10
-12.465449
 20
52.093947
 30
0.0
 10
-11.260297
 20
51.405288
 30
0.0
  0
LWPOLYLINE
  5
123
100
AcDbEntity
  8
Layer_1
 62
7
100
AcDbPolyline
 90
6
 70
1
 10
-12.504124
 20
52.176778
 30
0.0
 10
-13.703096
 20
51.477414
 30
0.0
 10
-14.908249
 20
52.166073
 30
0.0
 10
-14.914422
 20
53.554096
 30
0.0
 10
-13.715449
 20
54.253459
 30
0.0
 10
-12.510297
 20
53.564801
 30
0.0
  0
LWPOLYLINE
  5
124
100
AcDbEntity
  8
Layer_1
 62
7
100
AcDbPolyline
 90
6
 70
1
 10
-0.004123
 20
26.262636
 30
0.0
 10
-1.203095
 20
25.563272
 30
0.0
 10
-2.408248
 20
26.251930
 30
0.0
 10
-2.414428
 20
27.639954
 30
0.0
 10
-1.215455
 20
28.339316
 30
0.0
 10
-0.010303
 20
27.650659
 30
0.0
  0
LWPOLYLINE
  5
125
100
AcDbEntity
  8
Layer_1
 62
7
100
AcDbPolyline
 90
6
 70
1
 10
-1.254123
 20
28.422149
 30
0.0
 10
-2.453095
 20
27.722784
 30
0.0
 10
-3.658248
 20
28.411443
 30
0.0
 10
-3.664428
 20
29.799465
 30
0.0
 10
-2.465456
 20
30.498829
 30
0.0
 10
-1.260303
 20
29.810170
 30
0.0
  0
LWPOLYLINE
  5
126
100
AcDbEntity
  8
Layer_1
 62
7
100
AcDbPolyline
 90
6
 70
1
 10
-2.504123
 20
30.581660
 30
0.0
 10
-3.703095
 20
29.882297
 30
0.0
 10
-4.908248
 20
30.570956
 30
0.0
 10
-4.914420
 20
31.958978
 30
0.0
 10
-3.715449
 20
32.658342
 30
0.0
 10
-2.510296
 20
31.969683
 30
0.0
  0
LWPOLYLINE
  5
127
100
AcDbEntity
  8
Layer_1
 62
7
100
AcDbPolyline
 90
6
 70
1
 10
-3.754123
 20
32.741171
 30
0.0
 10
-4.953095
 20
32.041808
 30
0.0
 10
-6.158249
 20
32.730467
 30
0.0
 10
-6.164422
 20
34.118489
 30
0.0
 10
-4.965449
 20
34.817853
 30
0.0
 10
-3.760296
 20
34.129194
 30
0.0
  0
LWPOLYLINE
  5
128
100
AcDbEntity
  8
Layer_1
 62
7
100
AcDbPolyline
 90
6
 70
1
 10
-5.004122
 20
34.900684
 30
0.0
 10
-6.203095
 20
34.201319
 30
0.0
 10
-7.408249
 20
34.889978
 30
0.0
 10
-7.414422
 20
36.278002
 30
0.0
 10
-6.215449
 20
36.977364
 30
0.0
 10
-5.010295
 20
36.288705
 30
0.0
  0
LWPOLYLINE
  5
129
100
AcDbEntity
  8
Layer_1
 62
7
100
AcDbPolyline
 90
6
 70
1
 10
-6.254122
 20
37.060195
 30
0.0
 10
-7.453095
 20
36.360832
 30
0.0
 10
-8.658249
 20
37.049491
 30
0.0
 10
-8.664422
 20
38.437513
 30
0.0
 10
-7.465449
 20
39.136877
 30
0.0
 10
-6.260295
 20
38.448218
 30
0.0
  0
LWPOLYLINE
  5
12a
100
AcDbEntity
  8
Layer_1
 62
7
100
AcDbPolyline
 90
6
 70
1
 10
-7.504122
 20
39.219706
 30
0.0
 10
-8.703095
 20
38.520343
 30
0.0
 10
-9.908249
 20
39.209002
 30
0.0
 10
-9.914422
 20
40.597024
 30
0.0
 10
-8.715449
 20
41.296388
 30
0.0
 10
-7.510297
 20
40.607729
 30
0.0
  0
LWPOLYLINE
  5
12b
100
AcDbEntity
  8
Layer_1
 62
7
100
AcDbPolyline
 90
6
 70
1
 10
-8.754124
 20
41.379218
 30
0.0
 10
-9.953095
 20
40.679855
 30
0.0
 10
-11.158249
 20
41.368514
 30
0.0
 10
-11.164422
 20
42.756536
 30
0.0
 10
-9.965449
 20
43.455900
 30
0.0
 10
-8.760297
 20
42.767241
 30
0.0
  0
LWPOLYLINE
  5
12c
100
AcDbEntity
  8
Layer_1
 62
7
100
AcDbPolyline
 90
6
 70
1
 10
-10.004124
 20
43.538731
 30
0.0
 10
-11.203096
 20
42.839367
 30
0.0
 10
-12.408249
 20
43.528026
 30
0.0
 10
-12.414422
 20
44.916048
 30
0.0
 10
-11.215449
 20
45.615412
 30
0.0
 10
-10.010297
 20
44.926753
 30
0.0
  0
LWPOLYLINE
  5
12d
100
AcDbEntity
  8
Layer_1
 62
7
100
AcDbPolyline
 90
6
 70
1
 10
-11.254124
 20
45.698243
 30
0.0
 10
-12.453096
 20
44.998879
 30
0.0
 10
-13.658249
 20
45.687538
 30
0.0
 10
-13.664422
 20
47.075560
 30
0.0
 10
-12.465449
 20
47.774924
 30
0.0
 10
-11.260297
 20
47.086265
 30
0.0
  0
LWPOLYLINE
  5
12e
100
AcDbEntity
  8
Layer_1
 62
7
100
AcDbPolyline
 90
6
 70
1
 10
-12.504124
 20
47.857754
 30
0.0
 10
-13.703096
 20
47.158390
 30
0.0
 10
-14.908249
 20
47.847049
 30
0.0
 10
-14.914422
 20
49.235071
 30
0.0
 10
-13.715449
 20
49.934435
 30
0.0
 10
-12.510297
 20
49.245776
 30
0.0
  0
LWPOLYLINE
  5
12f
100
AcDbEntity
  8
Layer_1
 62
7
100
AcDbPolyline
 90
6
 70
1
 10
-13.754124
 20
50.017266
 30
0.0
 10
-14.953096
 20
49.317902
 30
0.0
 10
-16.158249
 20
50.006561
 30
0.0
 10
-16.164422
 20
51.394584
 30
0.0
 10
-14.965449
 20
52.093947
 30
0.0
 10
-13.760297
 20
51.405288
 30
0.0
  0
LWPOLYLINE
  5
130
100
AcDbEntity
  8
Layer_1
 62
7
100
AcDbPolyline
 90
6
 70
1
 10
-15.004122
 20
52.176778
 30
0.0
 10
-16.203094
 20
51.477414
 30
0.0
 10
-17.408247
 20
52.166073
 30
0.0
 10
-17.414420
 20
53.554096
 30
0.0
 10
-16.215447
 20
54.253459
 30
0.0
 10
-15.010295
 20
53.564801
 30
0.0
  0
LWPOLYLINE
  5
131
100
AcDbEntity
  8
Layer_1
 62
7
100
AcDbPolyline
 90
6
 70
1
 10
-0.004123
 20
21.943612
 30
0.0
 10
-1.203095
 20
21.244249
 30
0.0
 10
-2.408248
 20
21.932908
 30
0.0
 10
-2.414428
 20
23.320930
 30
0.0
 10
-1.215455
 20
24.020294
 30
0.0
 10
-0.010303
 20
23.331635
 30
0.0
  0
LWPOLYLINE
  5
132
100
AcDbEntity
  8
Layer_1
 62
7
100
AcDbPolyline
 90
6
 70
1
 10
-1.254123
 20
24.103123
 30
0.0
 10
-2.453095
 20
23.403760
 30
0.0
 10
-3.658248
 20
24.092419
 30
0.0
 10
-3.664428
 20
25.480441
 30
0.0
 10
-2.465456
 20
26.179805
 30
0.0
 10
-1.260303
 20
25.491146
 30
0.0
  0
LWPOLYLINE
  5
133
100
AcDbEntity
  8
Layer_1
 62
7
100
AcDbPolyline
 90
6
 70
1
 10
-2.504123
 20
26.262636
 30
0.0
 10
-3.703095
 20
25.563272
 30
0.0
 10
-4.908248
 20
26.251930
 30
0.0
 10
-4.914420
 20
27.639954
 30
0.0
 10
-3.715449
 20
28.339316
 30
0.0
 10
-2.510296
 20
27.650659
 30
0.0
  0
LWPOLYLINE
  5
134
100
AcDbEntity
  8
Layer_1
 62
7
100
AcDbPolyline
 90
6
 70
1
 10
-3.754123
 20
28.422149
 30
0.0
 10
-4.953095
 20
27.722784
 30
0.0
 10
-6.158249
 20
28.411443
 30
0.0
 10
-6.164422
 20
29.799465
 30
0.0
 10
-4.965449
 20
30.498829
 30
0.0
 10
-3.760296
 20
29.810170
 30
0.0
  0
LWPOLYLINE
  5
135
100
AcDbEntity
  8
Layer_1
 62
7
100
AcDbPolyline
 90
6
 70
1
 10
-5.004122
 20
30.581660
 30
0.0
 10
-6.203095
 20
29.882297
 30
0.0
 10
-7.408249
 20
30.570956
 30
0.0
 10
-7.414422
 20
31.958978
 30
0.0
 10
-6.215449
 20
32.658342
 30
0.0
 10
-5.010295
 20
31.969683
 30
0.0
  0
LWPOLYLINE
  5
136
100
AcDbEntity
  8
Layer_1
 62
7
100
AcDbPolyline
 90
6
 70
1
 10
-6.254122
 20
32.741171
 30
0.0
 10
-7.453095
 20
32.041808
 30
0.0
 10
-8.658249
 20
32.730467
 30
0.0
 10
-8.664422
 20
34.118489
 30
0.0
 10
-7.465449
 20
34.817853
 30
0.0
 10
-6.260295
 20
34.129194
 30
0.0
  0
LWPOLYLINE
  5
137
100
AcDbEntity
  8
Layer_1
 62
7
100
AcDbPolyline
 90
6
 70
1
 10
-7.504122
 20
34.900684
 30
0.0
 10
-8.703095
 20
34.201319
 30
0.0
 10
-9.908249
 20
34.889978
 30
0.0
 10
-9.914422
 20
36.278002
 30
0.0
 10
-8.715449
 20
36.977364
 30
0.0
 10
-7.510297
 20
36.288705
 30
0.0
  0
LWPOLYLINE
  5
138
100
AcDbEntity
  8
Layer_1
 62
7
100
AcDbPolyline
 90
6
 70
1
 10
-8.754124
 20
37.060195
 30
0.0
 10
-9.953095
 20
36.360832
 30
0.0
 10
-11.158249
 20
37.049491
 30
0.0
 10
-11.164422
 20
38.437513
 30
0.0
 10
-9.965449
 20
39.136877
 30
0.0
 10
-8.760297
 20
38.448218
 30
0.0
  0
LWPOLYLINE
  5
139
100
AcDbEntity
  8
Layer_1
 62
7
100
AcDbPolyline
 90
6
 70
1
 10
-10.004124
 20
39.219706
 30
0.0
 10
-11.203096
 20
38.520343
 30
0.0
 10
-12.408249
 20
39.209002
 30
0.0
 10
-12.414422
 20
40.597024
 30
0.0
 10
-11.215449
 20
41.296388
 30
0.0
 10
-10.010297
 20
40.607729
 30
0.0
  0
LWPOLYLINE
  5
13a
100
AcDbEntity
  8
Layer_1
 62
7
100
AcDbPolyline
 90
6
 70
1
 10
-11.254124
 20
41.379218
 30
0.0
 10
-12.453096
 20
40.679855
 30
0.0
 10
-13.658249
 20
41.368514
 30
0.0
 10
-13.664422
 20
42.756536
 30
0.0
 10
-12.465449
 20
43.455900
 30
0.0
 10
-11.260297
 20
42.767241
 30
0.0
  0
LWPOLYLINE
  5
13b
100
AcDbEntity
  8
Layer_1
 62
7
100
AcDbPolyline
 90
6
 70
1
 10
-12.504124
 20
43.538731
 30
0.0
 10
-13.703096
 20
42.839367
 30
0.0
 10
-14.908249
 20
43.528026
 30
0.0
 10
-14.914422
 20
44.916048
 30
0.0
 10
-13.715449
 20
45.615412
 30
0.0
 10
-12.510297
 20
44.926753
 30
0.0
  0
LWPOLYLINE
  5
13c
100
AcDbEntity
  8
Layer_1
 62
7
100
AcDbPolyline
 90
6
 70
1
 10
-13.754124
 20
45.698243
 30
0.0
 10
-14.953096
 20
44.998879
 30
0.0
 10
-16.158249
 20
45.687538
 30
0.0
 10
-16.164422
 20
47.075560
 30
0.0
 10
-14.965449
 20
47.774924
 30
0.0
 10
-13.760297
 20
47.086265
 30
0.0
  0
LWPOLYLINE
  5
13d
100
AcDbEntity
  8
Layer_1
 62
7
100
AcDbPolyline
 90
6
 70
1
 10
-15.004122
 20
47.857754
 30
0.0
 10
-16.203094
 20
47.158390
 30
0.0
 10
-17.408247
 20
47.847049
 30
0.0
 10
-17.414420
 20
49.235071
 30
0.0
 10
-16.215447
 20
49.934435
 30
0.0
 10
-15.010295
 20
49.245776
 30
0.0
  0
LWPOLYLINE
  5
13e
100
AcDbEntity
  8
Layer_1
 62
7
100
AcDbPolyline
 90
6
 70
1
 10
-16.254122
 20
50.017266
 30
0.0
 10
-17.453094
 20
49.317902
 30
0.0
 10
-18.658247
 20
50.006561
 30
0.0
 10
-18.664420
 20
51.394584
 30
0.0
 10
-17.465447
 20
52.093947
 30
0.0
 10
-16.260295
 20
51.405288
 30
0.0
  0
LWPOLYLINE
  5
13f
100
AcDbEntity
  8
Layer_1
 62
7
100
AcDbPolyline
 90
6
 70
1
 10
-17.504122
 20
52.176778
 30
0.0
 10
-18.703094
 20
51.477414
 30
0.0
 10
-19.908247
 20
52.166073
 30
0.0
 10
-19.914420
 20
53.554096
 30
0.0
 10
-18.715447
 20
54.253459
 30
0.0
 10
-17.510295
 20
53.564801
 30
0.0
  0
LWPOLYLINE
  5
140
100
AcDbEntity
  8
Layer_1
 62
7
100
AcDbPolyline
 90
6
 70
1
 10
-0.004123
 20
17.624588
 30
0.0
 10
-1.203095
 20
16.925225
 30
0.0
 10
-2.408248
 20
17.613884
 30
0.0
 10
-2.414428
 20
19.001906
 30
0.0
 10
-1.215455
 20
19.701270
 30
0.0
 10
-0.010303
 20
19.012611
 30
0.0
  0
LWPOLYLINE
  5
141
100
AcDbEntity
  8
Layer_1
 62
7
100
AcDbPolyline
 90
6
 70
1
 10
-1.254123
 20
19.784101
 30
0.0
 10
-2.453095
 20
19.084736
 30
0.0
 10
-3.658248
 20
19.773395
 30
0.0
 10
-3.664428
 20
21.161419
 30
0.0
 10
-2.465456
 20
21.860781
 30
0.0
 10
-1.260303
 20
21.172122
 30
0.0
  0
LWPOLYLINE
  5
142
100
AcDbEntity
  8
Layer_1
 62
7
100
AcDbPolyline
 90
6
 70
1
 10
-2.504123
 20
21.943612
 30
0.0
 10
-3.703095
 20
21.244249
 30
0.0
 10
-4.908248
 20
21.932908
 30
0.0
 10
-4.914420
 20
23.320930
 30
0.0
 10
-3.715449
 20
24.020294
 30
0.0
 10
-2.510296
 20
23.331635
 30
0.0
  0
LWPOLYLINE
  5
143
100
AcDbEntity
  8
Layer_1
 62
7
100
AcDbPolyline
 90
6
 70
1
 10
-3.754123
 20
24.103123
 30
0.0
 10
-4.953095
 20
23.403760
 30
0.0
 10
-6.158249
 20
24.092419
 30
0.0
 10
-6.164422
 20
25.480441
 30
0.0
 10
-4.965449
 20
26.179805
 30
0.0
 10
-3.760296
 20
25.491146
 30
0.0
  0
LWPOLYLINE
  5
144
100
AcDbEntity
  8
Layer_1
 62
7
100
AcDbPolyline
 90
6
 70
1
 10
-5.004122
 20
26.262636
 30
0.0
 10
-6.203095
 20
25.563272
 30
0.0
 10
-7.408249
 20
26.251930
 30
0.0
 10
-7.414422
 20
27.639954
 30
0.0
 10
-6.215449
 20
28.339316
 30
0.0
 10
-5.010295
 20
27.650659
 30
0.0
  0
LWPOLYLINE
  5
145
100
AcDbEntity
  8
Layer_1
 62
7
100
AcDbPolyline
 90
6
 70
1
 10
-6.254122
 20
28.422149
 30
0.0
 10
-7.453095
 20
27.722784
 30
0.0
 10
-8.658249
 20
28.411443
 30
0.0
 10
-8.664422
 20
29.799465
 30
0.0
 10
-7.465449
 20
30.498829
 30
0.0
 10
-6.260295
 20
29.810170
 30
0.0
  0
LWPOLYLINE
  5
146
100
AcDbEntity
  8
Layer_1
 62
7
100
AcDbPolyline
 90
6
 70
1
 10
-7.504122
 20
30.581660
 30
0.0
 10
-8.703095
 20
29.882297
 30
0.0
 10
-9.908249
 20
30.570956
 30
0.0
 10
-9.914422
 20
31.958978
 30
0.0
 10
-8.715449
 20
32.658342
 30
0.0
 10
-7.510297
 20
31.969683
 30
0.0
  0
LWPOLYLINE
  5
147
100
AcDbEntity
  8
Layer_1
 62
7
100
AcDbPolyline
 90
6
 70
1
 10
-8.754124
 20
32.741171
 30
0.0
 10
-9.953095
 20
32.041808
 30
0.0
 10
-11.158249
 20
32.730467
 30
0.0
 10
-11.164422
 20
34.118489
 30
0.0
 10
-9.965449
 20
34.817853
 30
0.0
 10
-8.760297
 20
34.129194
 30
0.0
  0
LWPOLYLINE
  5
148
100
AcDbEntity
  8
Layer_1
 62
7
100
AcDbPolyline
 90
6
 70
1
 10
-10.004124
 20
34.900684
 30
0.0
 10
-11.203096
 20
34.201319
 30
0.0
 10
-12.408249
 20
34.889978
 30
0.0
 10
-12.414422
 20
36.278002
 30
0.0
 10
-11.215449
 20
36.977364
 30
0.0
 10
-10.010297
 20
36.288705
 30
0.0
  0
LWPOLYLINE
  5
149
100
AcDbEntity
  8
Layer_1
 62
7
100
AcDbPolyline
 90
6
 70
1
 10
-11.254124
 20
37.060195
 30
0.0
 10
-12.453096
 20
36.360832
 30
0.0
 10
-13.658249
 20
37.049491
 30
0.0
 10
-13.664422
 20
38.437513
 30
0.0
 10
-12.465449
 20
39.136877
 30
0.0
 10
-11.260297
 20
38.448218
 30
0.0
  0
LWPOLYLINE
  5
14a
100
AcDbEntity
  8
Layer_1
 62
7
100
AcDbPolyline
 90
6
 70
1
 10
-12.504124
 20
39.219706
 30
0.0
 10
-13.703096
 20
38.520343
 30
0.0
 10
-14.908249
 20
39.209002
 30
0.0
 10
-14.914422
 20
40.597024
 30
0.0
 10
-13.715449
 20
41.296388
 30
0.0
 10
-12.510297
 20
40.607729
 30
0.0
  0
LWPOLYLINE
  5
14b
100
AcDbEntity
  8
Layer_1
 62
7
100
AcDbPolyline
 90
6
 70
1
 10
-13.754124
 20
41.379218
 30
0.0
 10
-14.953096
 20
40.679855
 30
0.0
 10
-16.158249
 20
41.368514
 30
0.0
 10
-16.164422
 20
42.756536
 30
0.0
 10
-14.965449
 20
43.455900
 30
0.0
 10
-13.760297
 20
42.767241
 30
0.0
  0
LWPOLYLINE
  5
14c
100
AcDbEntity
  8
Layer_1
 62
7
100
AcDbPolyline
 90
6
 70
1
 10
-15.004122
 20
43.538731
 30
0.0
 10
-16.203094
 20
42.839367
 30
0.0
 10
-17.408247
 20
43.528026
 30
0.0
 10
-17.414420
 20
44.916048
 30
0.0
 10
-16.215447
 20
45.615412
 30
0.0
 10
-15.010295
 20
44.926753
 30
0.0
  0
LWPOLYLINE
  5
14d
100
AcDbEntity
  8
Layer_1
 62
7
100
AcDbPolyline
 90
6
 70
1
 10
-16.254122
 20
45.698243
 30
0.0
 10
-17.453094
 20
44.998879
 30
0.0
 10
-18.658247
 20
45.687538
 30
0.0
 10
-18.664420
 20
47.075560
 30
0.0
 10
-17.465447
 20
47.774924
 30
0.0
 10
-16.260295
 20
47.086265
 30
0.0
  0
LWPOLYLINE
  5
14e
100
AcDbEntity
  8
Layer_1
 62
7
100
AcDbPolyline
 90
6
 70
1
 10
-17.504122
 20
47.857754
 30
0.0
 10
-18.703094
 20
47.158390
 30
0.0
 10
-19.908247
 20
47.847049
 30
0.0
 10
-19.914420
 20
49.235071
 30
0.0
 10
-18.715447
 20
49.934435
 30
0.0
 10
-17.510295
 20
49.245776
 30
0.0
  0
LWPOLYLINE
  5
14f
100
AcDbEntity
  8
Layer_1
 62
7
100
AcDbPolyline
 90
6
 70
1
 10
-18.754122
 20
50.017266
 30
0.0
 10
-19.953094
 20
49.317902
 30
0.0
 10
-21.158247
 20
50.006561
 30
0.0
 10
-21.164420
 20
51.394584
 30
0.0
 10
-19.965447
 20
52.093947
 30
0.0
 10
-18.760295
 20
51.405288
 30
0.0
  0
LWPOLYLINE
  5
150
100
AcDbEntity
  8
Layer_1
 62
7
100
AcDbPolyline
 90
6
 70
1
 10
-20.004122
 20
52.176778
 30
0.0
 10
-21.203094
 20
51.477414
 30
0.0
 10
-22.408247
 20
52.166073
 30
0.0
 10
-22.414419
 20
53.554096
 30
0.0
 10
-21.215447
 20
54.253459
 30
0.0
 10
-20.010295
 20
53.564801
 30
0.0
  0
LWPOLYLINE
  5
151
100
AcDbEntity
  8
Layer_1
 62
7
100
AcDbPolyline
 90
6
 70
1
 10
-0.004123
 20
13.305566
 30
0.0
 10
-1.203095
 20
12.606201
 30
0.0
 10
-2.408248
 20
13.294860
 30
0.0
 10
-2.414428
 20
14.682884
 30
0.0
 10
-1.215455
 20
15.382246
 30
0.0
 10
-0.010303
 20
14.693587
 30
0.0
  0
LWPOLYLINE
  5
152
100
AcDbEntity
  8
Layer_1
 62
7
100
AcDbPolyline
 90
6
 70
1
 10
-1.254123
 20
15.465077
 30
0.0
 10
-2.453095
 20
14.765712
 30
0.0
 10
-3.658248
 20
15.454371
 30
0.0
 10
-3.664428
 20
16.842395
 30
0.0
 10
-2.465456
 20
17.541757
 30
0.0
 10
-1.260303
 20
16.853098
 30
0.0
  0
LWPOLYLINE
  5
153
100
AcDbEntity
  8
Layer_1
 62
7
100
AcDbPolyline
 90
6
 70
1
 10
-2.504123
 20
17.624588
 30
0.0
 10
-3.703095
 20
16.925225
 30
0.0
 10
-4.908248
 20
17.613884
 30
0.0
 10
-4.914420
 20
19.001906
 30
0.0
 10
-3.715449
 20
19.701270
 30
0.0
 10
-2.510296
 20
19.012611
 30
0.0
  0
LWPOLYLINE
  5
154
100
AcDbEntity
  8
Layer_1
 62
7
100
AcDbPolyline
 90
6
 70
1
 10
-3.754123
 20
19.784101
 30
0.0
 10
-4.953095
 20
19.084736
 30
0.0
 10
-6.158249
 20
19.773395
 30
0.0
 10
-6.164422
 20
21.161419
 30
0.0
 10
-4.965449
 20
21.860781
 30
0.0
 10
-3.760296
 20
21.172122
 30
0.0
  0
LWPOLYLINE
  5
155
100
AcDbEntity
  8
Layer_1
 62
7
100
AcDbPolyline
 90
6
 70
1
 10
-5.004122
 20
21.943612
 30
0.0
 10
-6.203095
 20
21.244249
 30
0.0
 10
-7.408249
 20
21.932908
 30
0.0
 10
-7.414422
 20
23.320930
 30
0.0
 10
-6.215449
 20
24.020294
 30
0.0
 10
-5.010295
 20
23.331635
 30
0.0
  0
LWPOLYLINE
  5
156
100
AcDbEntity
  8
Layer_1
 62
7
100
AcDbPolyline
 90
6
 70
1
 10
-6.254122
 20
24.103123
 30
0.0
 10
-7.453095
 20
23.403760
 30
0.0
 10
-8.658249
 20
24.092419
 30
0.0
 10
-8.664422
 20
25.480441
 30
0.0
 10
-7.465449
 20
26.179805
 30
0.0
 10
-6.260295
 20
25.491146
 30
0.0
  0
LWPOLYLINE
  5
157
100
AcDbEntity
  8
Layer_1
 62
7
100
AcDbPolyline
 90
6
 70
1
 10
-7.504122
 20
26.262636
 30
0.0
 10
-8.703095
 20
25.563272
 30
0.0
 10
-9.908249
 20
26.251930
 30
0.0
 10
-9.914422
 20
27.639954
 30
0.0
 10
-8.715449
 20
28.339316
 30
0.0
 10
-7.510297
 20
27.650659
 30
0.0
  0
LWPOLYLINE
  5
158
100
AcDbEntity
  8
Layer_1
 62
7
100
AcDbPolyline
 90
6
 70
1
 10
-8.754124
 20
28.422149
 30
0.0
 10
-9.953095
 20
27.722784
 30
0.0
 10
-11.158249
 20
28.411443
 30
0.0
 10
-11.164422
 20
29.799465
 30
0.0
 10
-9.965449
 20
30.498829
 30
0.0
 10
-8.760297
 20
29.810170
 30
0.0
  0
LWPOLYLINE
  5
159
100
AcDbEntity
  8
Layer_1
 62
7
100
AcDbPolyline
 90
6
 70
1
 10
-10.004124
 20
30.581660
 30
0.0
 10
-11.203096
 20
29.882297
 30
0.0
 10
-12.408249
 20
30.570956
 30
0.0
 10
-12.414422
 20
31.958978
 30
0.0
 10
-11.215449
 20
32.658342
 30
0.0
 10
-10.010297
 20
31.969683
 30
0.0
  0
LWPOLYLINE
  5
15a
100
AcDbEntity
  8
Layer_1
 62
7
100
AcDbPolyline
 90
6
 70
1
 10
-11.254124
 20
32.741171
 30
0.0
 10
-12.453096
 20
32.041808
 30
0.0
 10
-13.658249
 20
32.730467
 30
0.0
 10
-13.664422
 20
34.118489
 30
0.0
 10
-12.465449
 20
34.817853
 30
0.0
 10
-11.260297
 20
34.129194
 30
0.0
  0
LWPOLYLINE
  5
15b
100
AcDbEntity
  8
Layer_1
 62
7
100
AcDbPolyline
 90
6
 70
1
 10
-12.504124
 20
34.900684
 30
0.0
 10
-13.703096
 20
34.201319
 30
0.0
 10
-14.908249
 20
34.889978
 30
0.0
 10
-14.914422
 20
36.278002
 30
0.0
 10
-13.715449
 20
36.977364
 30
0.0
 10
-12.510297
 20
36.288705
 30
0.0
  0
LWPOLYLINE
  5
15c
100
AcDbEntity
  8
Layer_1
 62
7
100
AcDbPolyline
 90
6
 70
1
 10
-13.754124
 20
37.060195
 30
0.0
 10
-14.953096
 20
36.360832
 30
0.0
 10
-16.158249
 20
37.049491
 30
0.0
 10
-16.164422
 20
38.437513
 30
0.0
 10
-14.965449
 20
39.136877
 30
0.0
 10
-13.760297
 20
38.448218
 30
0.0
  0
LWPOLYLINE
  5
15d
100
AcDbEntity
  8
Layer_1
 62
7
100
AcDbPolyline
 90
6
 70
1
 10
-15.004122
 20
39.219706
 30
0.0
 10
-16.203094
 20
38.520343
 30
0.0
 10
-17.408247
 20
39.209002
 30
0.0
 10
-17.414420
 20
40.597024
 30
0.0
 10
-16.215447
 20
41.296388
 30
0.0
 10
-15.010295
 20
40.607729
 30
0.0
  0
LWPOLYLINE
  5
15e
100
AcDbEntity
  8
Layer_1
 62
7
100
AcDbPolyline
 90
6
 70
1
 10
-16.254122
 20
41.379218
 30
0.0
 10
-17.453094
 20
40.679855
 30
0.0
 10
-18.658247
 20
41.368514
 30
0.0
 10
-18.664420
 20
42.756536
 30
0.0
 10
-17.465447
 20
43.455900
 30
0.0
 10
-16.260295
 20
42.767241
 30
0.0
  0
LWPOLYLINE
  5
15f
100
AcDbEntity
  8
Layer_1
 62
7
100
AcDbPolyline
 90
6
 70
1
 10
-17.504122
 20
43.538731
 30
0.0
 10
-18.703094
 20
42.839367
 30
0.0
 10
-19.908247
 20
43.528026
 30
0.0
 10
-19.914420
 20
44.916048
 30
0.0
 10
-18.715447
 20
45.615412
 30
0.0
 10
-17.510295
 20
44.926753
 30
0.0
  0
LWPOLYLINE
  5
160
100
AcDbEntity
  8
Layer_1
 62
7
100
AcDbPolyline
 90
6
 70
1
 10
-18.754122
 20
45.698243
 30
0.0
 10
-19.953094
 20
44.998879
 30
0.0
 10
-21.158247
 20
45.687538
 30
0.0
 10
-21.164420
 20
47.075560
 30
0.0
 10
-19.965447
 20
47.774924
 30
0.0
 10
-18.760295
 20
47.086265
 30
0.0
  0
LWPOLYLINE
  5
161
100
AcDbEntity
  8
Layer_1
 62
7
100
AcDbPolyline
 90
6
 70
1
 10
-20.004122
 20
47.857754
 30
0.0
 10
-21.203094
 20
47.158390
 30
0.0
 10
-22.408247
 20
47.847049
 30
0.0
 10
-22.414419
 20
49.235071
 30
0.0
 10
-21.215447
 20
49.934435
 30
0.0
 10
-20.010295
 20
49.245776
 30
0.0
  0
LWPOLYLINE
  5
162
100
AcDbEntity
  8
Layer_1
 62
7
100
AcDbPolyline
 90
6
 70
1
 10
-21.254122
 20
50.017266
 30
0.0
 10
-22.453094
 20
49.317902
 30
0.0
 10
-23.658246
 20
50.006561
 30
0.0
 10
-23.664419
 20
51.394584
 30
0.0
 10
-22.465448
 20
52.093947
 30
0.0
 10
-21.260294
 20
51.405288
 30
0.0
  0
LWPOLYLINE
  5
163
100
AcDbEntity
  8
Layer_1
 62
7
100
AcDbPolyline
 90
6
 70
1
 10
-22.504121
 20
52.176778
 30
0.0
 10
-23.703094
 20
51.477414
 30
0.0
 10
-24.908246
 20
52.166073
 30
0.0
 10
-24.914419
 20
53.554096
 30
0.0
 10
-23.715447
 20
54.253459
 30
0.0
 10
-22.510294
 20
53.564801
 30
0.0
  0
LWPOLYLINE
  5
164
100
AcDbEntity
  8
Layer_1
 62
7
100
AcDbPolyline
 90
6
 70
1
 10
-0.004123
 20
8.986542
 30
0.0
 10
-1.203095
 20
8.287177
 30
0.0
 10
-2.408248
 20
8.975836
 30
0.0
 10
-2.414428
 20
10.363858
 30
0.0
 10
-1.215455
 20
11.063222
 30
0.0
 10
-0.010303
 20
10.374563
 30
0.0
  0
LWPOLYLINE
  5
165
100
AcDbEntity
  8
Layer_1
 62
7
100
AcDbPolyline
 90
6
 70
1
 10
-1.254123
 20
11.146053
 30
0.0
 10
-2.453095
 20
10.446690
 30
0.0
 10
-3.658248
 20
11.135349
 30
0.0
 10
-3.664428
 20
12.523371
 30
0.0
 10
-2.465456
 20
13.222735
 30
0.0
 10
-1.260303
 20
12.534076
 30
0.0
  0
LWPOLYLINE
  5
166
100
AcDbEntity
  8
Layer_1
 62
7
100
AcDbPolyline
 90
6
 70
1
 10
-2.504123
 20
13.305566
 30
0.0
 10
-3.703095
 20
12.606201
 30
0.0
 10
-4.908248
 20
13.294860
 30
0.0
 10
-4.914420
 20
14.682884
 30
0.0
 10
-3.715449
 20
15.382246
 30
0.0
 10
-2.510296
 20
14.693587
 30
0.0
  0
LWPOLYLINE
  5
167
100
AcDbEntity
  8
Layer_1
 62
7
100
AcDbPolyline
 90
6
 70
1
 10
-3.754123
 20
15.465077
 30
0.0
 10
-4.953095
 20
14.765712
 30
0.0
 10
-6.158249
 20
15.454371
 30
0.0
 10
-6.164422
 20
16.842395
 30
0.0
 10
-4.965449
 20
17.541757
 30
0.0
 10
-3.760296
 20
16.853098
 30
0.0
  0
LWPOLYLINE
  5
168
100
AcDbEntity
  8
Layer_1
 62
7
100
AcDbPolyline
 90
6
 70
1
 10
-5.004122
 20
17.624588
 30
0.0
 10
-6.203095
 20
16.925225
 30
0.0
 10
-7.408249
 20
17.613884
 30
0.0
 10
-7.414422
 20
19.001906
 30
0.0
 10
-6.215449
 20
19.701270
 30
0.0
 10
-5.010295
 20
19.012611
 30
0.0
  0
LWPOLYLINE
  5
169
100
AcDbEntity
  8
Layer_1
 62
7
100
AcDbPolyline
 90
6
 70
1
 10
-6.254122
 20
19.784101
 30
0.0
 10
-7.453095
 20
19.084736
 30
0.0
 10
-8.658249
 20
19.773395
 30
0.0
 10
-8.664422
 20
21.161419
 30
0.0
 10
-7.465449
 20
21.860781
 30
0.0
 10
-6.260295
 20
21.172122
 30
0.0
  0
LWPOLYLINE
  5
16a
100
AcDbEntity
  8
Layer_1
 62
7
100
AcDbPolyline
 90
6
 70
1
 10
-7.504122
 20
21.943612
 30
0.0
 10
-8.703095
 20
21.244249
 30
0.0
 10
-9.908249
 20
21.932908
 30
0.0
 10
-9.914422
 20
23.320930
 30
0.0
 10
-8.715449
 20
24.020294
 30
0.0
 10
-7.510297
 20
23.331635
 30
0.0
  0
LWPOLYLINE
  5
16b
100
AcDbEntity
  8
Layer_1
 62
7
100
AcDbPolyline
 90
6
 70
1
 10
-8.754124
 20
24.103123
 30
0.0
 10
-9.953095
 20
23.403760
 30
0.0
 10
-11.158249
 20
24.092419
 30
0.0
 10
-11.164422
 20
25.480441
 30
0.0
 10
-9.965449
 20
26.179805
 30
0.0
 10
-8.760297
 20
25.491146
 30
0.0
  0
LWPOLYLINE
  5
16c
100
AcDbEntity
  8
Layer_1
 62
7
100
AcDbPolyline
 90
6
 70
1
 10
-10.004124
 20
26.262636
 30
0.0
 10
-11.203096
 20
25.563272
 30
0.0
 10
-12.408249
 20
26.251930
 30
0.0
 10
-12.414422
 20
27.639954
 30
0.0
 10
-11.215449
 20
28.339316
 30
0.0
 10
-10.010297
 20
27.650659
 30
0.0
  0
LWPOLYLINE
  5
16d
100
AcDbEntity
  8
Layer_1
 62
7
100
AcDbPolyline
 90
6
 70
1
 10
-11.254124
 20
28.422149
 30
0.0
 10
-12.453096
 20
27.722784
 30
0.0
 10
-13.658249
 20
28.411443
 30
0.0
 10
-13.664422
 20
29.799465
 30
0.0
 10
-12.465449
 20
30.498829
 30
0.0
 10
-11.260297
 20
29.810170
 30
0.0
  0
LWPOLYLINE
  5
16e
100
AcDbEntity
  8
Layer_1
 62
7
100
AcDbPolyline
 90
6
 70
1
 10
-12.504124
 20
30.581660
 30
0.0
 10
-13.703096
 20
29.882297
 30
0.0
 10
-14.908249
 20
30.570956
 30
0.0
 10
-14.914422
 20
31.958978
 30
0.0
 10
-13.715449
 20
32.658342
 30
0.0
 10
-12.510297
 20
31.969683
 30
0.0
  0
LWPOLYLINE
  5
16f
100
AcDbEntity
  8
Layer_1
 62
7
100
AcDbPolyline
 90
6
 70
1
 10
-13.754124
 20
32.741171
 30
0.0
 10
-14.953096
 20
32.041808
 30
0.0
 10
-16.158249
 20
32.730467
 30
0.0
 10
-16.164422
 20
34.118489
 30
0.0
 10
-14.965449
 20
34.817853
 30
0.0
 10
-13.760297
 20
34.129194
 30
0.0
  0
LWPOLYLINE
  5
170
100
AcDbEntity
  8
Layer_1
 62
7
100
AcDbPolyline
 90
6
 70
1
 10
-15.004122
 20
34.900684
 30
0.0
 10
-16.203094
 20
34.201319
 30
0.0
 10
-17.408247
 20
34.889978
 30
0.0
 10
-17.414420
 20
36.278002
 30
0.0
 10
-16.215447
 20
36.977364
 30
0.0
 10
-15.010295
 20
36.288705
 30
0.0
  0
LWPOLYLINE
  5
171
100
AcDbEntity
  8
Layer_1
 62
7
100
AcDbPolyline
 90
6
 70
1
 10
-16.254122
 20
37.060195
 30
0.0
 10
-17.453094
 20
36.360832
 30
0.0
 10
-18.658247
 20
37.049491
 30
0.0
 10
-18.664420
 20
38.437513
 30
0.0
 10
-17.465447
 20
39.136877
 30
0.0
 10
-16.260295
 20
38.448218
 30
0.0
  0
LWPOLYLINE
  5
172
100
AcDbEntity
  8
Layer_1
 62
7
100
AcDbPolyline
 90
6
 70
1
 10
-17.504122
 20
39.219706
 30
0.0
 10
-18.703094
 20
38.520343
 30
0.0
 10
-19.908247
 20
39.209002
 30
0.0
 10
-19.914420
 20
40.597024
 30
0.0
 10
-18.715447
 20
41.296388
 30
0.0
 10
-17.510295
 20
40.607729
 30
0.0
  0
LWPOLYLINE
  5
173
100
AcDbEntity
  8
Layer_1
 62
7
100
AcDbPolyline
 90
6
 70
1
 10
-18.754122
 20
41.379218
 30
0.0
 10
-19.953094
 20
40.679855
 30
0.0
 10
-21.158247
 20
41.368514
 30
0.0
 10
-21.164420
 20
42.756536
 30
0.0
 10
-19.965447
 20
43.455900
 30
0.0
 10
-18.760295
 20
42.767241
 30
0.0
  0
LWPOLYLINE
  5
174
100
AcDbEntity
  8
Layer_1
 62
7
100
AcDbPolyline
 90
6
 70
1
 10
-20.004122
 20
43.538731
 30
0.0
 10
-21.203094
 20
42.839367
 30
0.0
 10
-22.408247
 20
43.528026
 30
0.0
 10
-22.414419
 20
44.916048
 30
0.0
 10
-21.215447
 20
45.615412
 30
0.0
 10
-20.010295
 20
44.926753
 30
0.0
  0
LWPOLYLINE
  5
175
100
AcDbEntity
  8
Layer_1
 62
7
100
AcDbPolyline
 90
6
 70
1
 10
-21.254122
 20
45.698243
 30
0.0
 10
-22.453094
 20
44.998879
 30
0.0
 10
-23.658246
 20
45.687538
 30
0.0
 10
-23.664419
 20
47.075560
 30
0.0
 10
-22.465448
 20
47.774924
 30
0.0
 10
-21.260294
 20
47.086265
 30
0.0
  0
LWPOLYLINE
  5
176
100
AcDbEntity
  8
Layer_1
 62
7
100
AcDbPolyline
 90
6
 70
1
 10
-22.504121
 20
47.857754
 30
0.0
 10
-23.703094
 20
47.158390
 30
0.0
 10
-24.908246
 20
47.847049
 30
0.0
 10
-24.914419
 20
49.235071
 30
0.0
 10
-23.715447
 20
49.934435
 30
0.0
 10
-22.510294
 20
49.245776
 30
0.0
  0
LWPOLYLINE
  5
177
100
AcDbEntity
  8
Layer_1
 62
7
100
AcDbPolyline
 90
6
 70
1
 10
-23.754121
 20
50.017266
 30
0.0
 10
-24.953094
 20
49.317902
 30
0.0
 10
-26.158246
 20
50.006561
 30
0.0
 10
-26.164419
 20
51.394584
 30
0.0
 10
-24.965447
 20
52.093947
 30
0.0
 10
-23.760294
 20
51.405288
 30
0.0
  0
LWPOLYLINE
  5
178
100
AcDbEntity
  8
Layer_1
 62
7
100
AcDbPolyline
 90
6
 70
1
 10
-25.004121
 20
52.176778
 30
0.0
 10
-26.203094
 20
51.477414
 30
0.0
 10
-27.408246
 20
52.166073
 30
0.0
 10
-27.414419
 20
53.554096
 30
0.0
 10
-26.215447
 20
54.253459
 30
0.0
 10
-25.010294
 20
53.564801
 30
0.0
  0
LWPOLYLINE
  5
179
100
AcDbEntity
  8
Layer_1
 62
7
100
AcDbPolyline
 90
6
 70
1
 10
-0.004123
 20
4.667516
 30
0.0
 10
-1.203095
 20
3.968153
 30
0.0
 10
-2.408248
 20
4.656812
 30
0.0
 10
-2.414428
 20
6.044834
 30
0.0
 10
-1.215455
 20
6.744198
 30
0.0
 10
-0.010303
 20
6.055539
 30
0.0
  0
LWPOLYLINE
  5
17a
100
AcDbEntity
  8
Layer_1
 62
7
100
AcDbPolyline
 90
6
 70
1
 10
-1.254123
 20
6.827029
 30
0.0
 10
-2.453095
 20
6.127665
 30
0.0
 10
-3.658248
 20
6.816324
 30
0.0
 10
-3.664428
 20
8.204347
 30
0.0
 10
-2.465456
 20
8.903709
 30
0.0
 10
-1.260303
 20
8.215052
 30
0.0
  0
LWPOLYLINE
  5
17b
100
AcDbEntity
  8
Layer_1
 62
7
100
AcDbPolyline
 90
6
 70
1
 10
-2.504123
 20
8.986542
 30
0.0
 10
-3.703095
 20
8.287177
 30
0.0
 10
-4.908248
 20
8.975836
 30
0.0
 10
-4.914420
 20
10.363858
 30
0.0
 10
-3.715449
 20
11.063222
 30
0.0
 10
-2.510296
 20
10.374563
 30
0.0
  0
LWPOLYLINE
  5
17c
100
AcDbEntity
  8
Layer_1
 62
7
100
AcDbPolyline
 90
6
 70
1
 10
-3.754123
 20
11.146053
 30
0.0
 10
-4.953095
 20
10.446690
 30
0.0
 10
-6.158249
 20
11.135349
 30
0.0
 10
-6.164422
 20
12.523371
 30
0.0
 10
-4.965449
 20
13.222735
 30
0.0
 10
-3.760296
 20
12.534076
 30
0.0
  0
LWPOLYLINE
  5
17d
100
AcDbEntity
  8
Layer_1
 62
7
100
AcDbPolyline
 90
6
 70
1
 10
-5.004122
 20
13.305566
 30
0.0
 10
-6.203095
 20
12.606201
 30
0.0
 10
-7.408249
 20
13.294860
 30
0.0
 10
-7.414422
 20
14.682884
 30
0.0
 10
-6.215449
 20
15.382246
 30
0.0
 10
-5.010295
 20
14.693587
 30
0.0
  0
LWPOLYLINE
  5
17e
100
AcDbEntity
  8
Layer_1
 62
7
100
AcDbPolyline
 90
6
 70
1
 10
-6.254122
 20
15.465077
 30
0.0
 10
-7.453095
 20
14.765712
 30
0.0
 10
-8.658249
 20
15.454371
 30
0.0
 10
-8.664422
 20
16.842395
 30
0.0
 10
-7.465449
 20
17.541757
 30
0.0
 10
-6.260295
 20
16.853098
 30
0.0
  0
LWPOLYLINE
  5
17f
100
AcDbEntity
  8
Layer_1
 62
7
100
AcDbPolyline
 90
6
 70
1
 10
-7.504122
 20
17.624588
 30
0.0
 10
-8.703095
 20
16.925225
 30
0.0
 10
-9.908249
 20
17.613884
 30
0.0
 10
-9.914422
 20
19.001906
 30
0.0
 10
-8.715449
 20
19.701270
 30
0.0
 10
-7.510297
 20
19.012611
 30
0.0
  0
LWPOLYLINE
  5
180
100
AcDbEntity
  8
Layer_1
 62
7
100
AcDbPolyline
 90
6
 70
1
 10
-8.754124
 20
19.784101
 30
0.0
 10
-9.953095
 20
19.084736
 30
0.0
 10
-11.158249
 20
19.773395
 30
0.0
 10
-11.164422
 20
21.161419
 30
0.0
 10
-9.965449
 20
21.860781
 30
0.0
 10
-8.760297
 20
21.172122
 30
0.0
  0
LWPOLYLINE
  5
181
100
AcDbEntity
  8
Layer_1
 62
7
100
AcDbPolyline
 90
6
 70
1
 10
-10.004124
 20
21.943612
 30
0.0
 10
-11.203096
 20
21.244249
 30
0.0
 10
-12.408249
 20
21.932908
 30
0.0
 10
-12.414422
 20
23.320930
 30
0.0
 10
-11.215449
 20
24.020294
 30
0.0
 10
-10.010297
 20
23.331635
 30
0.0
  0
LWPOLYLINE
  5
182
100
AcDbEntity
  8
Layer_1
 62
7
100
AcDbPolyline
 90
6
 70
1
 10
-11.254124
 20
24.103123
 30
0.0
 10
-12.453096
 20
23.403760
 30
0.0
 10
-13.658249
 20
24.092419
 30
0.0
 10
-13.664422
 20
25.480441
 30
0.0
 10
-12.465449
 20
26.179805
 30
0.0
 10
-11.260297
 20
25.491146
 30
0.0
  0
LWPOLYLINE
  5
183
100
AcDbEntity
  8
Layer_1
 62
7
100
AcDbPolyline
 90
6
 70
1
 10
-12.504124
 20
26.262636
 30
0.0
 10
-13.703096
 20
25.563272
 30
0.0
 10
-14.908249
 20
26.251930
 30
0.0
 10
-14.914422
 20
27.639954
 30
0.0
 10
-13.715449
 20
28.339316
 30
0.0
 10
-12.510297
 20
27.650659
 30
0.0
  0
LWPOLYLINE
  5
184
100
AcDbEntity
  8
Layer_1
 62
7
100
AcDbPolyline
 90
6
 70
1
 10
-13.754124
 20
28.422149
 30
0.0
 10
-14.953096
 20
27.722784
 30
0.0
 10
-16.158249
 20
28.411443
 30
0.0
 10
-16.164422
 20
29.799465
 30
0.0
 10
-14.965449
 20
30.498829
 30
0.0
 10
-13.760297
 20
29.810170
 30
0.0
  0
LWPOLYLINE
  5
185
100
AcDbEntity
  8
Layer_1
 62
7
100
AcDbPolyline
 90
6
 70
1
 10
-15.004122
 20
30.581660
 30
0.0
 10
-16.203094
 20
29.882297
 30
0.0
 10
-17.408247
 20
30.570956
 30
0.0
 10
-17.414420
 20
31.958978
 30
0.0
 10
-16.215447
 20
32.658342
 30
0.0
 10
-15.010295
 20
31.969683
 30
0.0
  0
LWPOLYLINE
  5
186
100
AcDbEntity
  8
Layer_1
 62
7
100
AcDbPolyline
 90
6
 70
1
 10
-16.254122
 20
32.741171
 30
0.0
 10
-17.453094
 20
32.041808
 30
0.0
 10
-18.658247
 20
32.730467
 30
0.0
 10
-18.664420
 20
34.118489
 30
0.0
 10
-17.465447
 20
34.817853
 30
0.0
 10
-16.260295
 20
34.129194
 30
0.0
  0
LWPOLYLINE
  5
187
100
AcDbEntity
  8
Layer_1
 62
7
100
AcDbPolyline
 90
6
 70
1
 10
-17.504122
 20
34.900684
 30
0.0
 10
-18.703094
 20
34.201319
 30
0.0
 10
-19.908247
 20
34.889978
 30
0.0
 10
-19.914420
 20
36.278002
 30
0.0
 10
-18.715447
 20
36.977364
 30
0.0
 10
-17.510295
 20
36.288705
 30
0.0
  0
LWPOLYLINE
  5
188
100
AcDbEntity
  8
Layer_1
 62
7
100
AcDbPolyline
 90
6
 70
1
 10
-18.754122
 20
37.060195
 30
0.0
 10
-19.953094
 20
36.360832
 30
0.0
 10
-21.158247
 20
37.049491
 30
0.0
 10
-21.164420
 20
38.437513
 30
0.0
 10
-19.965447
 20
39.136877
 30
0.0
 10
-18.760295
 20
38.448218
 30
0.0
  0
LWPOLYLINE
  5
189
100
AcDbEntity
  8
Layer_1
 62
7
100
AcDbPolyline
 90
6
 70
1
 10
-20.004122
 20
39.219706
 30
0.0
 10
-21.203094
 20
38.520343
 30
0.0
 10
-22.408247
 20
39.209002
 30
0.0
 10
-22.414419
 20
40.597024
 30
0.0
 10
-21.215447
 20
41.296388
 30
0.0
 10
-20.010295
 20
40.607729
 30
0.0
  0
LWPOLYLINE
  5
18a
100
AcDbEntity
  8
Layer_1
 62
7
100
AcDbPolyline
 90
6
 70
1
 10
-21.254122
 20
41.379218
 30
0.0
 10
-22.453094
 20
40.679855
 30
0.0
 10
-23.658246
 20
41.368514
 30
0.0
 10
-23.664419
 20
42.756536
 30
0.0
 10
-22.465448
 20
43.455900
 30
0.0
 10
-21.260294
 20
42.767241
 30
0.0
  0
LWPOLYLINE
  5
18b
100
AcDbEntity
  8
Layer_1
 62
7
100
AcDbPolyline
 90
6
 70
1
 10
-22.504121
 20
43.538731
 30
0.0
 10
-23.703094
 20
42.839367
 30
0.0
 10
-24.908246
 20
43.528026
 30
0.0
 10
-24.914419
 20
44.916048
 30
0.0
 10
-23.715447
 20
45.615412
 30
0.0
 10
-22.510294
 20
44.926753
 30
0.0
  0
LWPOLYLINE
  5
18c
100
AcDbEntity
  8
Layer_1
 62
7
100
AcDbPolyline
 90
6
 70
1
 10
-23.754121
 20
45.698243
 30
0.0
 10
-24.953094
 20
44.998879
 30
0.0
 10
-26.158246
 20
45.687538
 30
0.0
 10
-26.164419
 20
47.075560
 30
0.0
 10
-24.965447
 20
47.774924
 30
0.0
 10
-23.760294
 20
47.086265
 30
0.0
  0
LWPOLYLINE
  5
18d
100
AcDbEntity
  8
Layer_1
 62
7
100
AcDbPolyline
 90
6
 70
1
 10
-25.004121
 20
47.857754
 30
0.0
 10
-26.203094
 20
47.158390
 30
0.0
 10
-27.408246
 20
47.847049
 30
0.0
 10
-27.414419
 20
49.235071
 30
0.0
 10
-26.215447
 20
49.934435
 30
0.0
 10
-25.010294
 20
49.245776
 30
0.0
  0
LWPOLYLINE
  5
18e
100
AcDbEntity
  8
Layer_1
 62
7
100
AcDbPolyline
 90
6
 70
1
 10
-26.254121
 20
50.017266
 30
0.0
 10
-27.453094
 20
49.317902
 30
0.0
 10
-28.658246
 20
50.006561
 30
0.0
 10
-28.664419
 20
51.394584
 30
0.0
 10
-27.465446
 20
52.093947
 30
0.0
 10
-26.260294
 20
51.405288
 30
0.0
  0
LWPOLYLINE
  5
18f
100
AcDbEntity
  8
Layer_1
 62
7
100
AcDbPolyline
 90
6
 70
1
 10
-27.504121
 20
52.176778
 30
0.0
 10
-28.703094
 20
51.477414
 30
0.0
 10
-29.908246
 20
52.166073
 30
0.0
 10
-29.914419
 20
53.554096
 30
0.0
 10
-28.715446
 20
54.253459
 30
0.0
 10
-27.510294
 20
53.564801
 30
0.0
  0
LWPOLYLINE
  5
190
100
AcDbEntity
  8
Layer_1
 62
7
100
AcDbPolyline
 90
6
 70
1
 10
-0.004123
 20
0.348494
 30
0.0
 10
-1.203095
 20
-0.350871
 30
0.0
 10
-2.408248
 20
0.337788
 30
0.0
 10
-2.414428
 20
1.725812
 30
0.0
 10
-1.215455
 20
2.425174
 30
0.0
 10
-0.010303
 20
1.736515
 30
0.0
  0
LWPOLYLINE
  5
191
100
AcDbEntity
  8
Layer_1
 62
7
100
AcDbPolyline
 90
6
 70
1
 10
-1.254123
 20
2.508005
 30
0.0
 10
-2.453095
 20
1.808642
 30
0.0
 10
-3.658248
 20
2.497301
 30
0.0
 10
-3.664428
 20
3.885323
 30
0.0
 10
-2.465456
 20
4.584687
 30
0.0
 10
-1.260303
 20
3.896028
 30
0.0
  0
LWPOLYLINE
  5
192
100
AcDbEntity
  8
Layer_1
 62
7
100
AcDbPolyline
 90
6
 70
1
 10
-2.504123
 20
4.667516
 30
0.0
 10
-3.703095
 20
3.968153
 30
0.0
 10
-4.908248
 20
4.656812
 30
0.0
 10
-4.914420
 20
6.044834
 30
0.0
 10
-3.715449
 20
6.744198
 30
0.0
 10
-2.510296
 20
6.055539
 30
0.0
  0
LWPOLYLINE
  5
193
100
AcDbEntity
  8
Layer_1
 62
7
100
AcDbPolyline
 90
6
 70
1
 10
-3.754123
 20
6.827029
 30
0.0
 10
-4.953095
 20
6.127665
 30
0.0
 10
-6.158249
 20
6.816324
 30
0.0
 10
-6.164422
 20
8.204347
 30
0.0
 10
-4.965449
 20
8.903709
 30
0.0
 10
-3.760296
 20
8.215052
 30
0.0
  0
LWPOLYLINE
  5
194
100
AcDbEntity
  8
Layer_1
 62
7
100
AcDbPolyline
 90
6
 70
1
 10
-5.004122
 20
8.986542
 30
0.0
 10
-6.203095
 20
8.287177
 30
0.0
 10
-7.408249
 20
8.975836
 30
0.0
 10
-7.414422
 20
10.363858
 30
0.0
 10
-6.215449
 20
11.063222
 30
0.0
 10
-5.010295
 20
10.374563
 30
0.0
  0
LWPOLYLINE
  5
195
100
AcDbEntity
  8
Layer_1
 62
7
100
AcDbPolyline
 90
6
 70
1
 10
-6.254122
 20
11.146053
 30
0.0
 10
-7.453095
 20
10.446690
 30
0.0
 10
-8.658249
 20
11.135349
 30
0.0
 10
-8.664422
 20
12.523371
 30
0.0
 10
-7.465449
 20
13.222735
 30
0.0
 10
-6.260295
 20
12.534076
 30
0.0
  0
LWPOLYLINE
  5
196
100
AcDbEntity
  8
Layer_1
 62
7
100
AcDbPolyline
 90
6
 70
1
 10
-7.504122
 20
13.305566
 30
0.0
 10
-8.703095
 20
12.606201
 30
0.0
 10
-9.908249
 20
13.294860
 30
0.0
 10
-9.914422
 20
14.682884
 30
0.0
 10
-8.715449
 20
15.382246
 30
0.0
 10
-7.510297
 20
14.693587
 30
0.0
  0
LWPOLYLINE
  5
197
100
AcDbEntity
  8
Layer_1
 62
7
100
AcDbPolyline
 90
6
 70
1
 10
-8.754124
 20
15.465077
 30
0.0
 10
-9.953095
 20
14.765712
 30
0.0
 10
-11.158249
 20
15.454371
 30
0.0
 10
-11.164422
 20
16.842395
 30
0.0
 10
-9.965449
 20
17.541757
 30
0.0
 10
-8.760297
 20
16.853098
 30
0.0
  0
LWPOLYLINE
  5
198
100
AcDbEntity
  8
Layer_1
 62
7
100
AcDbPolyline
 90
6
 70
1
 10
-10.004124
 20
17.624588
 30
0.0
 10
-11.203096
 20
16.925225
 30
0.0
 10
-12.408249
 20
17.613884
 30
0.0
 10
-12.414422
 20
19.001906
 30
0.0
 10
-11.215449
 20
19.701270
 30
0.0
 10
-10.010297
 20
19.012611
 30
0.0
  0
LWPOLYLINE
  5
199
100
AcDbEntity
  8
Layer_1
 62
7
100
AcDbPolyline
 90
6
 70
1
 10
-11.254124
 20
19.784101
 30
0.0
 10
-12.453096
 20
19.084736
 30
0.0
 10
-13.658249
 20
19.773395
 30
0.0
 10
-13.664422
 20
21.161419
 30
0.0
 10
-12.465449
 20
21.860781
 30
0.0
 10
-11.260297
 20
21.172122
 30
0.0
  0
LWPOLYLINE
  5
19a
100
AcDbEntity
  8
Layer_1
 62
7
100
AcDbPolyline
 90
6
 70
1
 10
-12.504124
 20
21.943612
 30
0.0
 10
-13.703096
 20
21.244249
 30
0.0
 10
-14.908249
 20
21.932908
 30
0.0
 10
-14.914422
 20
23.320930
 30
0.0
 10
-13.715449
 20
24.020294
 30
0.0
 10
-12.510297
 20
23.331635
 30
0.0
  0
LWPOLYLINE
  5
19b
100
AcDbEntity
  8
Layer_1
 62
7
100
AcDbPolyline
 90
6
 70
1
 10
-13.754124
 20
24.103123
 30
0.0
 10
-14.953096
 20
23.403760
 30
0.0
 10
-16.158249
 20
24.092419
 30
0.0
 10
-16.164422
 20
25.480441
 30
0.0
 10
-14.965449
 20
26.179805
 30
0.0
 10
-13.760297
 20
25.491146
 30
0.0
  0
LWPOLYLINE
  5
19c
100
AcDbEntity
  8
Layer_1
 62
7
100
AcDbPolyline
 90
6
 70
1
 10
-15.004122
 20
26.262636
 30
0.0
 10
-16.203094
 20
25.563272
 30
0.0
 10
-17.408247
 20
26.251930
 30
0.0
 10
-17.414420
 20
27.639954
 30
0.0
 10
-16.215447
 20
28.339316
 30
0.0
 10
-15.010295
 20
27.650659
 30
0.0
  0
LWPOLYLINE
  5
19d
100
AcDbEntity
  8
Layer_1
 62
7
100
AcDbPolyline
 90
6
 70
1
 10
-16.254122
 20
28.422149
 30
0.0
 10
-17.453094
 20
27.722784
 30
0.0
 10
-18.658247
 20
28.411443
 30
0.0
 10
-18.664420
 20
29.799465
 30
0.0
 10
-17.465447
 20
30.498829
 30
0.0
 10
-16.260295
 20
29.810170
 30
0.0
  0
LWPOLYLINE
  5
19e
100
AcDbEntity
  8
Layer_1
 62
7
100
AcDbPolyline
 90
6
 70
1
 10
-17.504122
 20
30.581660
 30
0.0
 10
-18.703094
 20
29.882297
 30
0.0
 10
-19.908247
 20
30.570956
 30
0.0
 10
-19.914420
 20
31.958978
 30
0.0
 10
-18.715447
 20
32.658342
 30
0.0
 10
-17.510295
 20
31.969683
 30
0.0
  0
LWPOLYLINE
  5
19f
100
AcDbEntity
  8
Layer_1
 62
7
100
AcDbPolyline
 90
6
 70
1
 10
-18.754122
 20
32.741171
 30
0.0
 10
-19.953094
 20
32.041808
 30
0.0
 10
-21.158247
 20
32.730467
 30
0.0
 10
-21.164420
 20
34.118489
 30
0.0
 10
-19.965447
 20
34.817853
 30
0.0
 10
-18.760295
 20
34.129194
 30
0.0
  0
LWPOLYLINE
  5
1a0
100
AcDbEntity
  8
Layer_1
 62
7
100
AcDbPolyline
 90
6
 70
1
 10
-20.004122
 20
34.900684
 30
0.0
 10
-21.203094
 20
34.201319
 30
0.0
 10
-22.408247
 20
34.889978
 30
0.0
 10
-22.414419
 20
36.278002
 30
0.0
 10
-21.215447
 20
36.977364
 30
0.0
 10
-20.010295
 20
36.288705
 30
0.0
  0
LWPOLYLINE
  5
1a1
100
AcDbEntity
  8
Layer_1
 62
7
100
AcDbPolyline
 90
6
 70
1
 10
-21.254122
 20
37.060195
 30
0.0
 10
-22.453094
 20
36.360832
 30
0.0
 10
-23.658246
 20
37.049491
 30
0.0
 10
-23.664419
 20
38.437513
 30
0.0
 10
-22.465448
 20
39.136877
 30
0.0
 10
-21.260294
 20
38.448218
 30
0.0
  0
LWPOLYLINE
  5
1a2
100
AcDbEntity
  8
Layer_1
 62
7
100
AcDbPolyline
 90
6
 70
1
 10
-22.504121
 20
39.219706
 30
0.0
 10
-23.703094
 20
38.520343
 30
0.0
 10
-24.908246
 20
39.209002
 30
0.0
 10
-24.914419
 20
40.597024
 30
0.0
 10
-23.715447
 20
41.296388
 30
0.0
 10
-22.510294
 20
40.607729
 30
0.0
  0
LWPOLYLINE
  5
1a3
100
AcDbEntity
  8
Layer_1
 62
7
100
AcDbPolyline
 90
6
 70
1
 10
-23.754121
 20
41.379218
 30
0.0
 10
-24.953094
 20
40.679855
 30
0.0
 10
-26.158246
 20
41.368514
 30
0.0
 10
-26.164419
 20
42.756536
 30
0.0
 10
-24.965447
 20
43.455900
 30
0.0
 10
-23.760294
 20
42.767241
 30
0.0
  0
LWPOLYLINE
  5
1a4
100
AcDbEntity
  8
Layer_1
 62
7
100
AcDbPolyline
 90
6
 70
1
 10
-25.004121
 20
43.538731
 30
0.0
 10
-26.203094
 20
42.839367
 30
0.0
 10
-27.408246
 20
43.528026
 30
0.0
 10
-27.414419
 20
44.916048
 30
0.0
 10
-26.215447
 20
45.615412
 30
0.0
 10
-25.010294
 20
44.926753
 30
0.0
  0
LWPOLYLINE
  5
1a5
100
AcDbEntity
  8
Layer_1
 62
7
100
AcDbPolyline
 90
6
 70
1
 10
-26.254121
 20
45.698243
 30
0.0
 10
-27.453094
 20
44.998879
 30
0.0
 10
-28.658246
 20
45.687538
 30
0.0
 10
-28.664419
 20
47.075560
 30
0.0
 10
-27.465446
 20
47.774924
 30
0.0
 10
-26.260294
 20
47.086265
 30
0.0
  0
LWPOLYLINE
  5
1a6
100
AcDbEntity
  8
Layer_1
 62
7
100
AcDbPolyline
 90
6
 70
1
 10
-27.504121
 20
47.857754
 30
0.0
 10
-28.703094
 20
47.158390
 30
0.0
 10
-29.908246
 20
47.847049
 30
0.0
 10
-29.914419
 20
49.235071
 30
0.0
 10
-28.715446
 20
49.934435
 30
0.0
 10
-27.510294
 20
49.245776
 30
0.0
  0
LWPOLYLINE
  5
1a7
100
AcDbEntity
  8
Layer_1
 62
7
100
AcDbPolyline
 90
6
 70
1
 10
-28.754121
 20
50.017266
 30
0.0
 10
-29.953094
 20
49.317902
 30
0.0
 10
-31.158246
 20
50.006561
 30
0.0
 10
-31.164419
 20
51.394584
 30
0.0
 10
-29.965446
 20
52.093947
 30
0.0
 10
-28.760294
 20
51.405288
 30
0.0
  0
LWPOLYLINE
  5
1a8
100
AcDbEntity
  8
Layer_1
 62
7
100
AcDbPolyline
 90
6
 70
1
 10
-30.004121
 20
52.176778
 30
0.0
 10
-31.203094
 20
51.477414
 30
0.0
 10
-32.408246
 20
52.166073
 30
0.0
 10
-32.414419
 20
53.554096
 30
0.0
 10
-31.215446
 20
54.253459
 30
0.0
 10
-30.010294
 20
53.564801
 30
0.0
  0
LWPOLYLINE
  5
1a9
100
AcDbEntity
  8
Layer_1
 62
7
100
AcDbPolyline
 90
6
 70
1
 10
-2.504123
 20
0.348494
 30
0.0
 10
-3.703095
 20
-0.350871
 30
0.0
 10
-4.908248
 20
0.337788
 30
0.0
 10
-4.914420
 20
1.725812
 30
0.0
 10
-3.715449
 20
2.425174
 30
0.0
 10
-2.510296
 20
1.736515
 30
0.0
  0
LWPOLYLINE
  5
1aa
100
AcDbEntity
  8
Layer_1
 62
7
100
AcDbPolyline
 90
6
 70
1
 10
-3.754123
 20
2.508005
 30
0.0
 10
-4.953095
 20
1.808642
 30
0.0
 10
-6.158249
 20
2.497301
 30
0.0
 10
-6.164422
 20
3.885323
 30
0.0
 10
-4.965449
 20
4.584687
 30
0.0
 10
-3.760296
 20
3.896028
 30
0.0
  0
LWPOLYLINE
  5
1ab
100
AcDbEntity
  8
Layer_1
 62
7
100
AcDbPolyline
 90
6
 70
1
 10
-5.004122
 20
4.667516
 30
0.0
 10
-6.203095
 20
3.968153
 30
0.0
 10
-7.408249
 20
4.656812
 30
0.0
 10
-7.414422
 20
6.044834
 30
0.0
 10
-6.215449
 20
6.744198
 30
0.0
 10
-5.010295
 20
6.055539
 30
0.0
  0
LWPOLYLINE
  5
1ac
100
AcDbEntity
  8
Layer_1
 62
7
100
AcDbPolyline
 90
6
 70
1
 10
-6.254122
 20
6.827029
 30
0.0
 10
-7.453095
 20
6.127665
 30
0.0
 10
-8.658249
 20
6.816324
 30
0.0
 10
-8.664422
 20
8.204347
 30
0.0
 10
-7.465449
 20
8.903709
 30
0.0
 10
-6.260295
 20
8.215052
 30
0.0
  0
LWPOLYLINE
  5
1ad
100
AcDbEntity
  8
Layer_1
 62
7
100
AcDbPolyline
 90
6
 70
1
 10
-7.504122
 20
8.986542
 30
0.0
 10
-8.703095
 20
8.287177
 30
0.0
 10
-9.908249
 20
8.975836
 30
0.0
 10
-9.914422
 20
10.363858
 30
0.0
 10
-8.715449
 20
11.063222
 30
0.0
 10
-7.510297
 20
10.374563
 30
0.0
  0
LWPOLYLINE
  5
1ae
100
AcDbEntity
  8
Layer_1
 62
7
100
AcDbPolyline
 90
6
 70
1
 10
-8.754124
 20
11.146053
 30
0.0
 10
-9.953095
 20
10.446690
 30
0.0
 10
-11.158249
 20
11.135349
 30
0.0
 10
-11.164422
 20
12.523371
 30
0.0
 10
-9.965449
 20
13.222735
 30
0.0
 10
-8.760297
 20
12.534076
 30
0.0
  0
LWPOLYLINE
  5
1af
100
AcDbEntity
  8
Layer_1
 62
7
100
AcDbPolyline
 90
6
 70
1
 10
-10.004124
 20
13.305566
 30
0.0
 10
-11.203096
 20
12.606201
 30
0.0
 10
-12.408249
 20
13.294860
 30
0.0
 10
-12.414422
 20
14.682884
 30
0.0
 10
-11.215449
 20
15.382246
 30
0.0
 10
-10.010297
 20
14.693587
 30
0.0
  0
LWPOLYLINE
  5
1b0
100
AcDbEntity
  8
Layer_1
 62
7
100
AcDbPolyline
 90
6
 70
1
 10
-11.254124
 20
15.465077
 30
0.0
 10
-12.453096
 20
14.765712
 30
0.0
 10
-13.658249
 20
15.454371
 30
0.0
 10
-13.664422
 20
16.842395
 30
0.0
 10
-12.465449
 20
17.541757
 30
0.0
 10
-11.260297
 20
16.853098
 30
0.0
  0
LWPOLYLINE
  5
1b1
100
AcDbEntity
  8
Layer_1
 62
7
100
AcDbPolyline
 90
6
 70
1
 10
-12.504124
 20
17.624588
 30
0.0
 10
-13.703096
 20
16.925225
 30
0.0
 10
-14.908249
 20
17.613884
 30
0.0
 10
-14.914422
 20
19.001906
 30
0.0
 10
-13.715449
 20
19.701270
 30
0.0
 10
-12.510297
 20
19.012611
 30
0.0
  0
LWPOLYLINE
  5
1b2
100
AcDbEntity
  8
Layer_1
 62
7
100
AcDbPolyline
 90
6
 70
1
 10
-13.754124
 20
19.784101
 30
0.0
 10
-14.953096
 20
19.084736
 30
0.0
 10
-16.158249
 20
19.773395
 30
0.0
 10
-16.164422
 20
21.161419
 30
0.0
 10
-14.965449
 20
21.860781
 30
0.0
 10
-13.760297
 20
21.172122
 30
0.0
  0
LWPOLYLINE
  5
1b3
100
AcDbEntity
  8
Layer_1
 62
7
100
AcDbPolyline
 90
6
 70
1
 10
-15.004122
 20
21.943612
 30
0.0
 10
-16.203094
 20
21.244249
 30
0.0
 10
-17.408247
 20
21.932908
 30
0.0
 10
-17.414420
 20
23.320930
 30
0.0
 10
-16.215447
 20
24.020294
 30
0.0
 10
-15.010295
 20
23.331635
 30
0.0
  0
LWPOLYLINE
  5
1b4
100
AcDbEntity
  8
Layer_1
 62
7
100
AcDbPolyline
 90
6
 70
1
 10
-16.254122
 20
24.103123
 30
0.0
 10
-17.453094
 20
23.403760
 30
0.0
 10
-18.658247
 20
24.092419
 30
0.0
 10
-18.664420
 20
25.480441
 30
0.0
 10
-17.465447
 20
26.179805
 30
0.0
 10
-16.260295
 20
25.491146
 30
0.0
  0
LWPOLYLINE
  5
1b5
100
AcDbEntity
  8
Layer_1
 62
7
100
AcDbPolyline
 90
6
 70
1
 10
-17.504122
 20
26.262636
 30
0.0
 10
-18.703094
 20
25.563272
 30
0.0
 10
-19.908247
 20
26.251930
 30
0.0
 10
-19.914420
 20
27.639954
 30
0.0
 10
-18.715447
 20
28.339316
 30
0.0
 10
-17.510295
 20
27.650659
 30
0.0
  0
LWPOLYLINE
  5
1b6
100
AcDbEntity
  8
Layer_1
 62
7
100
AcDbPolyline
 90
6
 70
1
 10
-18.754122
 20
28.422149
 30
0.0
 10
-19.953094
 20
27.722784
 30
0.0
 10
-21.158247
 20
28.411443
 30
0.0
 10
-21.164420
 20
29.799465
 30
0.0
 10
-19.965447
 20
30.498829
 30
0.0
 10
-18.760295
 20
29.810170
 30
0.0
  0
LWPOLYLINE
  5
1b7
100
AcDbEntity
  8
Layer_1
 62
7
100
AcDbPolyline
 90
6
 70
1
 10
-20.004122
 20
30.581660
 30
0.0
 10
-21.203094
 20
29.882297
 30
0.0
 10
-22.408247
 20
30.570956
 30
0.0
 10
-22.414419
 20
31.958978
 30
0.0
 10
-21.215447
 20
32.658342
 30
0.0
 10
-20.010295
 20
31.969683
 30
0.0
  0
LWPOLYLINE
  5
1b8
100
AcDbEntity
  8
Layer_1
 62
7
100
AcDbPolyline
 90
6
 70
1
 10
-21.254122
 20
32.741171
 30
0.0
 10
-22.453094
 20
32.041808
 30
0.0
 10
-23.658246
 20
32.730467
 30
0.0
 10
-23.664419
 20
34.118489
 30
0.0
 10
-22.465448
 20
34.817853
 30
0.0
 10
-21.260294
 20
34.129194
 30
0.0
  0
LWPOLYLINE
  5
1b9
100
AcDbEntity
  8
Layer_1
 62
7
100
AcDbPolyline
 90
6
 70
1
 10
-22.504121
 20
34.900684
 30
0.0
 10
-23.703094
 20
34.201319
 30
0.0
 10
-24.908246
 20
34.889978
 30
0.0
 10
-24.914419
 20
36.278002
 30
0.0
 10
-23.715447
 20
36.977364
 30
0.0
 10
-22.510294
 20
36.288705
 30
0.0
  0
LWPOLYLINE
  5
1ba
100
AcDbEntity
  8
Layer_1
 62
7
100
AcDbPolyline
 90
6
 70
1
 10
-23.754121
 20
37.060195
 30
0.0
 10
-24.953094
 20
36.360832
 30
0.0
 10
-26.158246
 20
37.049491
 30
0.0
 10
-26.164419
 20
38.437513
 30
0.0
 10
-24.965447
 20
39.136877
 30
0.0
 10
-23.760294
 20
38.448218
 30
0.0
  0
LWPOLYLINE
  5
1bb
100
AcDbEntity
  8
Layer_1
 62
7
100
AcDbPolyline
 90
6
 70
1
 10
-25.004121
 20
39.219706
 30
0.0
 10
-26.203094
 20
38.520343
 30
0.0
 10
-27.408246
 20
39.209002
 30
0.0
 10
-27.414419
 20
40.597024
 30
0.0
 10
-26.215447
 20
41.296388
 30
0.0
 10
-25.010294
 20
40.607729
 30
0.0
  0
LWPOLYLINE
  5
1bc
100
AcDbEntity
  8
Layer_1
 62
7
100
AcDbPolyline
 90
6
 70
1
 10
-26.254121
 20
41.379218
 30
0.0
 10
-27.453094
 20
40.679855
 30
0.0
 10
-28.658246
 20
41.368514
 30
0.0
 10
-28.664419
 20
42.756536
 30
0.0
 10
-27.465446
 20
43.455900
 30
0.0
 10
-26.260294
 20
42.767241
 30
0.0
  0
LWPOLYLINE
  5
1bd
100
AcDbEntity
  8
Layer_1
 62
7
100
AcDbPolyline
 90
6
 70
1
 10
-27.504121
 20
43.538731
 30
0.0
 10
-28.703094
 20
42.839367
 30
0.0
 10
-29.908246
 20
43.528026
 30
0.0
 10
-29.914419
 20
44.916048
 30
0.0
 10
-28.715446
 20
45.615412
 30
0.0
 10
-27.510294
 20
44.926753
 30
0.0
  0
LWPOLYLINE
  5
1be
100
AcDbEntity
  8
Layer_1
 62
7
100
AcDbPolyline
 90
6
 70
1
 10
-28.754121
 20
45.698243
 30
0.0
 10
-29.953094
 20
44.998879
 30
0.0
 10
-31.158246
 20
45.687538
 30
0.0
 10
-31.164419
 20
47.075560
 30
0.0
 10
-29.965446
 20
47.774924
 30
0.0
 10
-28.760294
 20
47.086265
 30
0.0
  0
LWPOLYLINE
  5
1bf
100
AcDbEntity
  8
Layer_1
 62
7
100
AcDbPolyline
 90
6
 70
1
 10
-30.004121
 20
47.857754
 30
0.0
 10
-31.203094
 20
47.158390
 30
0.0
 10
-32.408246
 20
47.847049
 30
0.0
 10
-32.414419
 20
49.235071
 30
0.0
 10
-31.215446
 20
49.934435
 30
0.0
 10
-30.010294
 20
49.245776
 30
0.0
  0
LWPOLYLINE
  5
1c0
100
AcDbEntity
  8
Layer_1
 62
7
100
AcDbPolyline
 90
6
 70
1
 10
-31.254121
 20
50.017266
 30
0.0
 10
-32.453094
 20
49.317902
 30
0.0
 10
-33.658246
 20
50.006561
 30
0.0
 10
-33.664419
 20
51.394584
 30
0.0
 10
-32.465448
 20
52.093947
 30
0.0
 10
-31.260294
 20
51.405288
 30
0.0
  0
LWPOLYLINE
  5
1c1
100
AcDbEntity
  8
Layer_1
 62
7
100
AcDbPolyline
 90
6
 70
1
 10
-32.504121
 20
52.176778
 30
0.0
 10
-33.703094
 20
51.477414
 30
0.0
 10
-34.908248
 20
52.166073
 30
0.0
 10
-34.914420
 20
53.554096
 30
0.0
 10
-33.715448
 20
54.253459
 30
0.0
 10
-32.510294
 20
53.564801
 30
0.0
  0
LWPOLYLINE
  5
1c2
100
AcDbEntity
  8
Layer_1
 62
7
100
AcDbPolyline
 90
6
 70
1
 10
-5.004122
 20
0.348494
 30
0.0
 10
-6.203095
 20
-0.350871
 30
0.0
 10
-7.408249
 20
0.337788
 30
0.0
 10
-7.414422
 20
1.725812
 30
0.0
 10
-6.215449
 20
2.425174
 30
0.0
 10
-5.010295
 20
1.736515
 30
0.0
  0
LWPOLYLINE
  5
1c3
100
AcDbEntity
  8
Layer_1
 62
7
100
AcDbPolyline
 90
6
 70
1
 10
-6.254122
 20
2.508005
 30
0.0
 10
-7.453095
 20
1.808642
 30
0.0
 10
-8.658249
 20
2.497301
 30
0.0
 10
-8.664422
 20
3.885323
 30
0.0
 10
-7.465449
 20
4.584687
 30
0.0
 10
-6.260295
 20
3.896028
 30
0.0
  0
LWPOLYLINE
  5
1c4
100
AcDbEntity
  8
Layer_1
 62
7
100
AcDbPolyline
 90
6
 70
1
 10
-7.504122
 20
4.667516
 30
0.0
 10
-8.703095
 20
3.968153
 30
0.0
 10
-9.908249
 20
4.656812
 30
0.0
 10
-9.914422
 20
6.044834
 30
0.0
 10
-8.715449
 20
6.744198
 30
0.0
 10
-7.510297
 20
6.055539
 30
0.0
  0
LWPOLYLINE
  5
1c5
100
AcDbEntity
  8
Layer_1
 62
7
100
AcDbPolyline
 90
6
 70
1
 10
-8.754124
 20
6.827029
 30
0.0
 10
-9.953095
 20
6.127665
 30
0.0
 10
-11.158249
 20
6.816324
 30
0.0
 10
-11.164422
 20
8.204347
 30
0.0
 10
-9.965449
 20
8.903709
 30
0.0
 10
-8.760297
 20
8.215052
 30
0.0
  0
LWPOLYLINE
  5
1c6
100
AcDbEntity
  8
Layer_1
 62
7
100
AcDbPolyline
 90
6
 70
1
 10
-10.004124
 20
8.986542
 30
0.0
 10
-11.203096
 20
8.287177
 30
0.0
 10
-12.408249
 20
8.975836
 30
0.0
 10
-12.414422
 20
10.363858
 30
0.0
 10
-11.215449
 20
11.063222
 30
0.0
 10
-10.010297
 20
10.374563
 30
0.0
  0
LWPOLYLINE
  5
1c7
100
AcDbEntity
  8
Layer_1
 62
7
100
AcDbPolyline
 90
6
 70
1
 10
-11.254124
 20
11.146053
 30
0.0
 10
-12.453096
 20
10.446690
 30
0.0
 10
-13.658249
 20
11.135349
 30
0.0
 10
-13.664422
 20
12.523371
 30
0.0
 10
-12.465449
 20
13.222735
 30
0.0
 10
-11.260297
 20
12.534076
 30
0.0
  0
LWPOLYLINE
  5
1c8
100
AcDbEntity
  8
Layer_1
 62
7
100
AcDbPolyline
 90
6
 70
1
 10
-12.504124
 20
13.305566
 30
0.0
 10
-13.703096
 20
12.606201
 30
0.0
 10
-14.908249
 20
13.294860
 30
0.0
 10
-14.914422
 20
14.682884
 30
0.0
 10
-13.715449
 20
15.382246
 30
0.0
 10
-12.510297
 20
14.693587
 30
0.0
  0
LWPOLYLINE
  5
1c9
100
AcDbEntity
  8
Layer_1
 62
7
100
AcDbPolyline
 90
6
 70
1
 10
-13.754124
 20
15.465077
 30
0.0
 10
-14.953096
 20
14.765712
 30
0.0
 10
-16.158249
 20
15.454371
 30
0.0
 10
-16.164422
 20
16.842395
 30
0.0
 10
-14.965449
 20
17.541757
 30
0.0
 10
-13.760297
 20
16.853098
 30
0.0
  0
LWPOLYLINE
  5
1ca
100
AcDbEntity
  8
Layer_1
 62
7
100
AcDbPolyline
 90
6
 70
1
 10
-15.004122
 20
17.624588
 30
0.0
 10
-16.203094
 20
16.925225
 30
0.0
 10
-17.408247
 20
17.613884
 30
0.0
 10
-17.414420
 20
19.001906
 30
0.0
 10
-16.215447
 20
19.701270
 30
0.0
 10
-15.010295
 20
19.012611
 30
0.0
  0
LWPOLYLINE
  5
1cb
100
AcDbEntity
  8
Layer_1
 62
7
100
AcDbPolyline
 90
6
 70
1
 10
-16.254122
 20
19.784101
 30
0.0
 10
-17.453094
 20
19.084736
 30
0.0
 10
-18.658247
 20
19.773395
 30
0.0
 10
-18.664420
 20
21.161419
 30
0.0
 10
-17.465447
 20
21.860781
 30
0.0
 10
-16.260295
 20
21.172122
 30
0.0
  0
LWPOLYLINE
  5
1cc
100
AcDbEntity
  8
Layer_1
 62
7
100
AcDbPolyline
 90
6
 70
1
 10
-17.504122
 20
21.943612
 30
0.0
 10
-18.703094
 20
21.244249
 30
0.0
 10
-19.908247
 20
21.932908
 30
0.0
 10
-19.914420
 20
23.320930
 30
0.0
 10
-18.715447
 20
24.020294
 30
0.0
 10
-17.510295
 20
23.331635
 30
0.0
  0
LWPOLYLINE
  5
1cd
100
AcDbEntity
  8
Layer_1
 62
7
100
AcDbPolyline
 90
6
 70
1
 10
-18.754122
 20
24.103123
 30
0.0
 10
-19.953094
 20
23.403760
 30
0.0
 10
-21.158247
 20
24.092419
 30
0.0
 10
-21.164420
 20
25.480441
 30
0.0
 10
-19.965447
 20
26.179805
 30
0.0
 10
-18.760295
 20
25.491146
 30
0.0
  0
LWPOLYLINE
  5
1ce
100
AcDbEntity
  8
Layer_1
 62
7
100
AcDbPolyline
 90
6
 70
1
 10
-20.004122
 20
26.262636
 30
0.0
 10
-21.203094
 20
25.563272
 30
0.0
 10
-22.408247
 20
26.251930
 30
0.0
 10
-22.414419
 20
27.639954
 30
0.0
 10
-21.215447
 20
28.339316
 30
0.0
 10
-20.010295
 20
27.650659
 30
0.0
  0
LWPOLYLINE
  5
1cf
100
AcDbEntity
  8
Layer_1
 62
7
100
AcDbPolyline
 90
6
 70
1
 10
-21.254122
 20
28.422149
 30
0.0
 10
-22.453094
 20
27.722784
 30
0.0
 10
-23.658246
 20
28.411443
 30
0.0
 10
-23.664419
 20
29.799465
 30
0.0
 10
-22.465448
 20
30.498829
 30
0.0
 10
-21.260294
 20
29.810170
 30
0.0
  0
LWPOLYLINE
  5
1d0
100
AcDbEntity
  8
Layer_1
 62
7
100
AcDbPolyline
 90
6
 70
1
 10
-22.504121
 20
30.581660
 30
0.0
 10
-23.703094
 20
29.882297
 30
0.0
 10
-24.908246
 20
30.570956
 30
0.0
 10
-24.914419
 20
31.958978
 30
0.0
 10
-23.715447
 20
32.658342
 30
0.0
 10
-22.510294
 20
31.969683
 30
0.0
  0
LWPOLYLINE
  5
1d1
100
AcDbEntity
  8
Layer_1
 62
7
100
AcDbPolyline
 90
6
 70
1
 10
-23.754121
 20
32.741171
 30
0.0
 10
-24.953094
 20
32.041808
 30
0.0
 10
-26.158246
 20
32.730467
 30
0.0
 10
-26.164419
 20
34.118489
 30
0.0
 10
-24.965447
 20
34.817853
 30
0.0
 10
-23.760294
 20
34.129194
 30
0.0
  0
LWPOLYLINE
  5
1d2
100
AcDbEntity
  8
Layer_1
 62
7
100
AcDbPolyline
 90
6
 70
1
 10
-25.004121
 20
34.900684
 30
0.0
 10
-26.203094
 20
34.201319
 30
0.0
 10
-27.408246
 20
34.889978
 30
0.0
 10
-27.414419
 20
36.278002
 30
0.0
 10
-26.215447
 20
36.977364
 30
0.0
 10
-25.010294
 20
36.288705
 30
0.0
  0
LWPOLYLINE
  5
1d3
100
AcDbEntity
  8
Layer_1
 62
7
100
AcDbPolyline
 90
6
 70
1
 10
-26.254121
 20
37.060195
 30
0.0
 10
-27.453094
 20
36.360832
 30
0.0
 10
-28.658246
 20
37.049491
 30
0.0
 10
-28.664419
 20
38.437513
 30
0.0
 10
-27.465446
 20
39.136877
 30
0.0
 10
-26.260294
 20
38.448218
 30
0.0
  0
LWPOLYLINE
  5
1d4
100
AcDbEntity
  8
Layer_1
 62
7
100
AcDbPolyline
 90
6
 70
1
 10
-27.504121
 20
39.219706
 30
0.0
 10
-28.703094
 20
38.520343
 30
0.0
 10
-29.908246
 20
39.209002
 30
0.0
 10
-29.914419
 20
40.597024
 30
0.0
 10
-28.715446
 20
41.296388
 30
0.0
 10
-27.510294
 20
40.607729
 30
0.0
  0
LWPOLYLINE
  5
1d5
100
AcDbEntity
  8
Layer_1
 62
7
100
AcDbPolyline
 90
6
 70
1
 10
-28.754121
 20
41.379218
 30
0.0
 10
-29.953094
 20
40.679855
 30
0.0
 10
-31.158246
 20
41.368514
 30
0.0
 10
-31.164419
 20
42.756536
 30
0.0
 10
-29.965446
 20
43.455900
 30
0.0
 10
-28.760294
 20
42.767241
 30
0.0
  0
LWPOLYLINE
  5
1d6
100
AcDbEntity
  8
Layer_1
 62
7
100
AcDbPolyline
 90
6
 70
1
 10
-30.004121
 20
43.538731
 30
0.0
 10
-31.203094
 20
42.839367
 30
0.0
 10
-32.408246
 20
43.528026
 30
0.0
 10
-32.414419
 20
44.916048
 30
0.0
 10
-31.215446
 20
45.615412
 30
0.0
 10
-30.010294
 20
44.926753
 30
0.0
  0
LWPOLYLINE
  5
1d7
100
AcDbEntity
  8
Layer_1
 62
7
100
AcDbPolyline
 90
6
 70
1
 10
-31.254121
 20
45.698243
 30
0.0
 10
-32.453094
 20
44.998879
 30
0.0
 10
-33.658246
 20
45.687538
 30
0.0
 10
-33.664419
 20
47.075560
 30
0.0
 10
-32.465448
 20
47.774924
 30
0.0
 10
-31.260294
 20
47.086265
 30
0.0
  0
LWPOLYLINE
  5
1d8
100
AcDbEntity
  8
Layer_1
 62
7
100
AcDbPolyline
 90
6
 70
1
 10
-32.504121
 20
47.857754
 30
0.0
 10
-33.703094
 20
47.158390
 30
0.0
 10
-34.908248
 20
47.847049
 30
0.0
 10
-34.914420
 20
49.235071
 30
0.0
 10
-33.715448
 20
49.934435
 30
0.0
 10
-32.510294
 20
49.245776
 30
0.0
  0
LWPOLYLINE
  5
1d9
100
AcDbEntity
  8
Layer_1
 62
7
100
AcDbPolyline
 90
6
 70
1
 10
-33.754121
 20
50.017266
 30
0.0
 10
-34.953093
 20
49.317902
 30
0.0
 10
-36.158246
 20
50.006561
 30
0.0
 10
-36.164419
 20
51.394584
 30
0.0
 10
-34.965446
 20
52.093947
 30
0.0
 10
-33.760294
 20
51.405288
 30
0.0
  0
LWPOLYLINE
  5
1da
100
AcDbEntity
  8
Layer_1
 62
7
100
AcDbPolyline
 90
6
 70
1
 10
-35.004121
 20
52.176778
 30
0.0
 10
-36.203093
 20
51.477414
 30
0.0
 10
-37.408246
 20
52.166073
 30
0.0
 10
-37.414419
 20
53.554096
 30
0.0
 10
-36.215446
 20
54.253459
 30
0.0
 10
-35.010294
 20
53.564801
 30
0.0
  0
LWPOLYLINE
  5
1db
100
AcDbEntity
  8
Layer_1
 62
7
100
AcDbPolyline
 90
6
 70
1
 10
-7.504122
 20
0.348494
 30
0.0
 10
-8.703095
 20
-0.350871
 30
0.0
 10
-9.908249
 20
0.337788
 30
0.0
 10
-9.914422
 20
1.725812
 30
0.0
 10
-8.715449
 20
2.425174
 30
0.0
 10
-7.510297
 20
1.736515
 30
0.0
  0
LWPOLYLINE
  5
1dc
100
AcDbEntity
  8
Layer_1
 62
7
100
AcDbPolyline
 90
6
 70
1
 10
-8.754124
 20
2.508005
 30
0.0
 10
-9.953095
 20
1.808642
 30
0.0
 10
-11.158249
 20
2.497301
 30
0.0
 10
-11.164422
 20
3.885323
 30
0.0
 10
-9.965449
 20
4.584687
 30
0.0
 10
-8.760297
 20
3.896028
 30
0.0
  0
LWPOLYLINE
  5
1dd
100
AcDbEntity
  8
Layer_1
 62
7
100
AcDbPolyline
 90
6
 70
1
 10
-10.004124
 20
4.667516
 30
0.0
 10
-11.203096
 20
3.968153
 30
0.0
 10
-12.408249
 20
4.656812
 30
0.0
 10
-12.414422
 20
6.044834
 30
0.0
 10
-11.215449
 20
6.744198
 30
0.0
 10
-10.010297
 20
6.055539
 30
0.0
  0
LWPOLYLINE
  5
1de
100
AcDbEntity
  8
Layer_1
 62
7
100
AcDbPolyline
 90
6
 70
1
 10
-11.254124
 20
6.827029
 30
0.0
 10
-12.453096
 20
6.127665
 30
0.0
 10
-13.658249
 20
6.816324
 30
0.0
 10
-13.664422
 20
8.204347
 30
0.0
 10
-12.465449
 20
8.903709
 30
0.0
 10
-11.260297
 20
8.215052
 30
0.0
  0
LWPOLYLINE
  5
1df
100
AcDbEntity
  8
Layer_1
 62
7
100
AcDbPolyline
 90
6
 70
1
 10
-12.504124
 20
8.986542
 30
0.0
 10
-13.703096
 20
8.287177
 30
0.0
 10
-14.908249
 20
8.975836
 30
0.0
 10
-14.914422
 20
10.363858
 30
0.0
 10
-13.715449
 20
11.063222
 30
0.0
 10
-12.510297
 20
10.374563
 30
0.0
  0
LWPOLYLINE
  5
1e0
100
AcDbEntity
  8
Layer_1
 62
7
100
AcDbPolyline
 90
6
 70
1
 10
-13.754124
 20
11.146053
 30
0.0
 10
-14.953096
 20
10.446690
 30
0.0
 10
-16.158249
 20
11.135349
 30
0.0
 10
-16.164422
 20
12.523371
 30
0.0
 10
-14.965449
 20
13.222735
 30
0.0
 10
-13.760297
 20
12.534076
 30
0.0
  0
LWPOLYLINE
  5
1e1
100
AcDbEntity
  8
Layer_1
 62
7
100
AcDbPolyline
 90
6
 70
1
 10
-15.004122
 20
13.305566
 30
0.0
 10
-16.203094
 20
12.606201
 30
0.0
 10
-17.408247
 20
13.294860
 30
0.0
 10
-17.414420
 20
14.682884
 30
0.0
 10
-16.215447
 20
15.382246
 30
0.0
 10
-15.010295
 20
14.693587
 30
0.0
  0
LWPOLYLINE
  5
1e2
100
AcDbEntity
  8
Layer_1
 62
7
100
AcDbPolyline
 90
6
 70
1
 10
-16.254122
 20
15.465077
 30
0.0
 10
-17.453094
 20
14.765712
 30
0.0
 10
-18.658247
 20
15.454371
 30
0.0
 10
-18.664420
 20
16.842395
 30
0.0
 10
-17.465447
 20
17.541757
 30
0.0
 10
-16.260295
 20
16.853098
 30
0.0
  0
LWPOLYLINE
  5
1e3
100
AcDbEntity
  8
Layer_1
 62
7
100
AcDbPolyline
 90
6
 70
1
 10
-17.504122
 20
17.624588
 30
0.0
 10
-18.703094
 20
16.925225
 30
0.0
 10
-19.908247
 20
17.613884
 30
0.0
 10
-19.914420
 20
19.001906
 30
0.0
 10
-18.715447
 20
19.701270
 30
0.0
 10
-17.510295
 20
19.012611
 30
0.0
  0
LWPOLYLINE
  5
1e4
100
AcDbEntity
  8
Layer_1
 62
7
100
AcDbPolyline
 90
6
 70
1
 10
-18.754122
 20
19.784101
 30
0.0
 10
-19.953094
 20
19.084736
 30
0.0
 10
-21.158247
 20
19.773395
 30
0.0
 10
-21.164420
 20
21.161419
 30
0.0
 10
-19.965447
 20
21.860781
 30
0.0
 10
-18.760295
 20
21.172122
 30
0.0
  0
LWPOLYLINE
  5
1e5
100
AcDbEntity
  8
Layer_1
 62
7
100
AcDbPolyline
 90
6
 70
1
 10
-20.004122
 20
21.943612
 30
0.0
 10
-21.203094
 20
21.244249
 30
0.0
 10
-22.408247
 20
21.932908
 30
0.0
 10
-22.414419
 20
23.320930
 30
0.0
 10
-21.215447
 20
24.020294
 30
0.0
 10
-20.010295
 20
23.331635
 30
0.0
  0
LWPOLYLINE
  5
1e6
100
AcDbEntity
  8
Layer_1
 62
7
100
AcDbPolyline
 90
6
 70
1
 10
-21.254122
 20
24.103123
 30
0.0
 10
-22.453094
 20
23.403760
 30
0.0
 10
-23.658246
 20
24.092419
 30
0.0
 10
-23.664419
 20
25.480441
 30
0.0
 10
-22.465448
 20
26.179805
 30
0.0
 10
-21.260294
 20
25.491146
 30
0.0
  0
LWPOLYLINE
  5
1e7
100
AcDbEntity
  8
Layer_1
 62
7
100
AcDbPolyline
 90
6
 70
1
 10
-22.504121
 20
26.262636
 30
0.0
 10
-23.703094
 20
25.563272
 30
0.0
 10
-24.908246
 20
26.251930
 30
0.0
 10
-24.914419
 20
27.639954
 30
0.0
 10
-23.715447
 20
28.339316
 30
0.0
 10
-22.510294
 20
27.650659
 30
0.0
  0
LWPOLYLINE
  5
1e8
100
AcDbEntity
  8
Layer_1
 62
7
100
AcDbPolyline
 90
6
 70
1
 10
-23.754121
 20
28.422149
 30
0.0
 10
-24.953094
 20
27.722784
 30
0.0
 10
-26.158246
 20
28.411443
 30
0.0
 10
-26.164419
 20
29.799465
 30
0.0
 10
-24.965447
 20
30.498829
 30
0.0
 10
-23.760294
 20
29.810170
 30
0.0
  0
LWPOLYLINE
  5
1e9
100
AcDbEntity
  8
Layer_1
 62
7
100
AcDbPolyline
 90
6
 70
1
 10
-25.004121
 20
30.581660
 30
0.0
 10
-26.203094
 20
29.882297
 30
0.0
 10
-27.408246
 20
30.570956
 30
0.0
 10
-27.414419
 20
31.958978
 30
0.0
 10
-26.215447
 20
32.658342
 30
0.0
 10
-25.010294
 20
31.969683
 30
0.0
  0
LWPOLYLINE
  5
1ea
100
AcDbEntity
  8
Layer_1
 62
7
100
AcDbPolyline
 90
6
 70
1
 10
-26.254121
 20
32.741171
 30
0.0
 10
-27.453094
 20
32.041808
 30
0.0
 10
-28.658246
 20
32.730467
 30
0.0
 10
-28.664419
 20
34.118489
 30
0.0
 10
-27.465446
 20
34.817853
 30
0.0
 10
-26.260294
 20
34.129194
 30
0.0
  0
LWPOLYLINE
  5
1eb
100
AcDbEntity
  8
Layer_1
 62
7
100
AcDbPolyline
 90
6
 70
1
 10
-27.504121
 20
34.900684
 30
0.0
 10
-28.703094
 20
34.201319
 30
0.0
 10
-29.908246
 20
34.889978
 30
0.0
 10
-29.914419
 20
36.278002
 30
0.0
 10
-28.715446
 20
36.977364
 30
0.0
 10
-27.510294
 20
36.288705
 30
0.0
  0
LWPOLYLINE
  5
1ec
100
AcDbEntity
  8
Layer_1
 62
7
100
AcDbPolyline
 90
6
 70
1
 10
-28.754121
 20
37.060195
 30
0.0
 10
-29.953094
 20
36.360832
 30
0.0
 10
-31.158246
 20
37.049491
 30
0.0
 10
-31.164419
 20
38.437513
 30
0.0
 10
-29.965446
 20
39.136877
 30
0.0
 10
-28.760294
 20
38.448218
 30
0.0
  0
LWPOLYLINE
  5
1ed
100
AcDbEntity
  8
Layer_1
 62
7
100
AcDbPolyline
 90
6
 70
1
 10
-30.004121
 20
39.219706
 30
0.0
 10
-31.203094
 20
38.520343
 30
0.0
 10
-32.408246
 20
39.209002
 30
0.0
 10
-32.414419
 20
40.597024
 30
0.0
 10
-31.215446
 20
41.296388
 30
0.0
 10
-30.010294
 20
40.607729
 30
0.0
  0
LWPOLYLINE
  5
1ee
100
AcDbEntity
  8
Layer_1
 62
7
100
AcDbPolyline
 90
6
 70
1
 10
-31.254121
 20
41.379218
 30
0.0
 10
-32.453094
 20
40.679855
 30
0.0
 10
-33.658246
 20
41.368514
 30
0.0
 10
-33.664419
 20
42.756536
 30
0.0
 10
-32.465448
 20
43.455900
 30
0.0
 10
-31.260294
 20
42.767241
 30
0.0
  0
LWPOLYLINE
  5
1ef
100
AcDbEntity
  8
Layer_1
 62
7
100
AcDbPolyline
 90
6
 70
1
 10
-32.504121
 20
43.538731
 30
0.0
 10
-33.703094
 20
42.839367
 30
0.0
 10
-34.908248
 20
43.528026
 30
0.0
 10
-34.914420
 20
44.916048
 30
0.0
 10
-33.715448
 20
45.615412
 30
0.0
 10
-32.510294
 20
44.926753
 30
0.0
  0
LWPOLYLINE
  5
1f0
100
AcDbEntity
  8
Layer_1
 62
7
100
AcDbPolyline
 90
6
 70
1
 10
-33.754121
 20
45.698243
 30
0.0
 10
-34.953093
 20
44.998879
 30
0.0
 10
-36.158246
 20
45.687538
 30
0.0
 10
-36.164419
 20
47.075560
 30
0.0
 10
-34.965446
 20
47.774924
 30
0.0
 10
-33.760294
 20
47.086265
 30
0.0
  0
LWPOLYLINE
  5
1f1
100
AcDbEntity
  8
Layer_1
 62
7
100
AcDbPolyline
 90
6
 70
1
 10
-35.004121
 20
47.857754
 30
0.0
 10
-36.203093
 20
47.158390
 30
0.0
 10
-37.408246
 20
47.847049
 30
0.0
 10
-37.414419
 20
49.235071
 30
0.0
 10
-36.215446
 20
49.934435
 30
0.0
 10
-35.010294
 20
49.245776
 30
0.0
  0
LWPOLYLINE
  5
1f2
100
AcDbEntity
  8
Layer_1
 62
7
100
AcDbPolyline
 90
6
 70
1
 10
-36.254121
 20
50.017266
 30
0.0
 10
-37.453093
 20
49.317902
 30
0.0
 10
-38.658246
 20
50.006561
 30
0.0
 10
-38.664419
 20
51.394584
 30
0.0
 10
-37.465446
 20
52.093947
 30
0.0
 10
-36.260294
 20
51.405288
 30
0.0
  0
LWPOLYLINE
  5
1f3
100
AcDbEntity
  8
Layer_1
 62
7
100
AcDbPolyline
 90
6
 70
1
 10
-37.504121
 20
52.176778
 30
0.0
 10
-38.703093
 20
51.477414
 30
0.0
 10
-39.908246
 20
52.166073
 30
0.0
 10
-39.914418
 20
53.554096
 30
0.0
 10
-38.715446
 20
54.253459
 30
0.0
 10
-37.510294
 20
53.564801
 30
0.0
  0
LWPOLYLINE
  5
1f4
100
AcDbEntity
  8
Layer_1
 62
7
100
AcDbPolyline
 90
6
 70
1
 10
-10.004124
 20
0.348494
 30
0.0
 10
-11.203096
 20
-0.350871
 30
0.0
 10
-12.408249
 20
0.337788
 30
0.0
 10
-12.414422
 20
1.725812
 30
0.0
 10
-11.215449
 20
2.425174
 30
0.0
 10
-10.010297
 20
1.736515
 30
0.0
  0
LWPOLYLINE
  5
1f5
100
AcDbEntity
  8
Layer_1
 62
7
100
AcDbPolyline
 90
6
 70
1
 10
-11.254124
 20
2.508005
 30
0.0
 10
-12.453096
 20
1.808642
 30
0.0
 10
-13.658249
 20
2.497301
 30
0.0
 10
-13.664422
 20
3.885323
 30
0.0
 10
-12.465449
 20
4.584687
 30
0.0
 10
-11.260297
 20
3.896028
 30
0.0
  0
LWPOLYLINE
  5
1f6
100
AcDbEntity
  8
Layer_1
 62
7
100
AcDbPolyline
 90
6
 70
1
 10
-12.504124
 20
4.667516
 30
0.0
 10
-13.703096
 20
3.968153
 30
0.0
 10
-14.908249
 20
4.656812
 30
0.0
 10
-14.914422
 20
6.044834
 30
0.0
 10
-13.715449
 20
6.744198
 30
0.0
 10
-12.510297
 20
6.055539
 30
0.0
  0
LWPOLYLINE
  5
1f7
100
AcDbEntity
  8
Layer_1
 62
7
100
AcDbPolyline
 90
6
 70
1
 10
-13.754124
 20
6.827029
 30
0.0
 10
-14.953096
 20
6.127665
 30
0.0
 10
-16.158249
 20
6.816324
 30
0.0
 10
-16.164422
 20
8.204347
 30
0.0
 10
-14.965449
 20
8.903709
 30
0.0
 10
-13.760297
 20
8.215052
 30
0.0
  0
LWPOLYLINE
  5
1f8
100
AcDbEntity
  8
Layer_1
 62
7
100
AcDbPolyline
 90
6
 70
1
 10
-15.004122
 20
8.986542
 30
0.0
 10
-16.203094
 20
8.287177
 30
0.0
 10
-17.408247
 20
8.975836
 30
0.0
 10
-17.414420
 20
10.363858
 30
0.0
 10
-16.215447
 20
11.063222
 30
0.0
 10
-15.010295
 20
10.374563
 30
0.0
  0
LWPOLYLINE
  5
1f9
100
AcDbEntity
  8
Layer_1
 62
7
100
AcDbPolyline
 90
6
 70
1
 10
-16.254122
 20
11.146053
 30
0.0
 10
-17.453094
 20
10.446690
 30
0.0
 10
-18.658247
 20
11.135349
 30
0.0
 10
-18.664420
 20
12.523371
 30
0.0
 10
-17.465447
 20
13.222735
 30
0.0
 10
-16.260295
 20
12.534076
 30
0.0
  0
LWPOLYLINE
  5
1fa
100
AcDbEntity
  8
Layer_1
 62
7
100
AcDbPolyline
 90
6
 70
1
 10
-17.504122
 20
13.305566
 30
0.0
 10
-18.703094
 20
12.606201
 30
0.0
 10
-19.908247
 20
13.294860
 30
0.0
 10
-19.914420
 20
14.682884
 30
0.0
 10
-18.715447
 20
15.382246
 30
0.0
 10
-17.510295
 20
14.693587
 30
0.0
  0
LWPOLYLINE
  5
1fb
100
AcDbEntity
  8
Layer_1
 62
7
100
AcDbPolyline
 90
6
 70
1
 10
-18.754122
 20
15.465077
 30
0.0
 10
-19.953094
 20
14.765712
 30
0.0
 10
-21.158247
 20
15.454371
 30
0.0
 10
-21.164420
 20
16.842395
 30
0.0
 10
-19.965447
 20
17.541757
 30
0.0
 10
-18.760295
 20
16.853098
 30
0.0
  0
LWPOLYLINE
  5
1fc
100
AcDbEntity
  8
Layer_1
 62
7
100
AcDbPolyline
 90
6
 70
1
 10
-20.004122
 20
17.624588
 30
0.0
 10
-21.203094
 20
16.925225
 30
0.0
 10
-22.408247
 20
17.613884
 30
0.0
 10
-22.414419
 20
19.001906
 30
0.0
 10
-21.215447
 20
19.701270
 30
0.0
 10
-20.010295
 20
19.012611
 30
0.0
  0
LWPOLYLINE
  5
1fd
100
AcDbEntity
  8
Layer_1
 62
7
100
AcDbPolyline
 90
6
 70
1
 10
-21.254122
 20
19.784101
 30
0.0
 10
-22.453094
 20
19.084736
 30
0.0
 10
-23.658246
 20
19.773395
 30
0.0
 10
-23.664419
 20
21.161419
 30
0.0
 10
-22.465448
 20
21.860781
 30
0.0
 10
-21.260294
 20
21.172122
 30
0.0
  0
LWPOLYLINE
  5
1fe
100
AcDbEntity
  8
Layer_1
 62
7
100
AcDbPolyline
 90
6
 70
1
 10
-22.504121
 20
21.943612
 30
0.0
 10
-23.703094
 20
21.244249
 30
0.0
 10
-24.908246
 20
21.932908
 30
0.0
 10
-24.914419
 20
23.320930
 30
0.0
 10
-23.715447
 20
24.020294
 30
0.0
 10
-22.510294
 20
23.331635
 30
0.0
  0
LWPOLYLINE
  5
1ff
100
AcDbEntity
  8
Layer_1
 62
7
100
AcDbPolyline
 90
6
 70
1
 10
-23.754121
 20
24.103123
 30
0.0
 10
-24.953094
 20
23.403760
 30
0.0
 10
-26.158246
 20
24.092419
 30
0.0
 10
-26.164419
 20
25.480441
 30
0.0
 10
-24.965447
 20
26.179805
 30
0.0
 10
-23.760294
 20
25.491146
 30
0.0
  0
LWPOLYLINE
  5
200
100
AcDbEntity
  8
Layer_1
 62
7
100
AcDbPolyline
 90
6
 70
1
 10
-25.004121
 20
26.262636
 30
0.0
 10
-26.203094
 20
25.563272
 30
0.0
 10
-27.408246
 20
26.251930
 30
0.0
 10
-27.414419
 20
27.639954
 30
0.0
 10
-26.215447
 20
28.339316
 30
0.0
 10
-25.010294
 20
27.650659
 30
0.0
  0
LWPOLYLINE
  5
201
100
AcDbEntity
  8
Layer_1
 62
7
100
AcDbPolyline
 90
6
 70
1
 10
-26.254121
 20
28.422149
 30
0.0
 10
-27.453094
 20
27.722784
 30
0.0
 10
-28.658246
 20
28.411443
 30
0.0
 10
-28.664419
 20
29.799465
 30
0.0
 10
-27.465446
 20
30.498829
 30
0.0
 10
-26.260294
 20
29.810170
 30
0.0
  0
LWPOLYLINE
  5
202
100
AcDbEntity
  8
Layer_1
 62
7
100
AcDbPolyline
 90
6
 70
1
 10
-27.504121
 20
30.581660
 30
0.0
 10
-28.703094
 20
29.882297
 30
0.0
 10
-29.908246
 20
30.570956
 30
0.0
 10
-29.914419
 20
31.958978
 30
0.0
 10
-28.715446
 20
32.658342
 30
0.0
 10
-27.510294
 20
31.969683
 30
0.0
  0
LWPOLYLINE
  5
203
100
AcDbEntity
  8
Layer_1
 62
7
100
AcDbPolyline
 90
6
 70
1
 10
-28.754121
 20
32.741171
 30
0.0
 10
-29.953094
 20
32.041808
 30
0.0
 10
-31.158246
 20
32.730467
 30
0.0
 10
-31.164419
 20
34.118489
 30
0.0
 10
-29.965446
 20
34.817853
 30
0.0
 10
-28.760294
 20
34.129194
 30
0.0
  0
LWPOLYLINE
  5
204
100
AcDbEntity
  8
Layer_1
 62
7
100
AcDbPolyline
 90
6
 70
1
 10
-30.004121
 20
34.900684
 30
0.0
 10
-31.203094
 20
34.201319
 30
0.0
 10
-32.408246
 20
34.889978
 30
0.0
 10
-32.414419
 20
36.278002
 30
0.0
 10
-31.215446
 20
36.977364
 30
0.0
 10
-30.010294
 20
36.288705
 30
0.0
  0
LWPOLYLINE
  5
205
100
AcDbEntity
  8
Layer_1
 62
7
100
AcDbPolyline
 90
6
 70
1
 10
-31.254121
 20
37.060195
 30
0.0
 10
-32.453094
 20
36.360832
 30
0.0
 10
-33.658246
 20
37.049491
 30
0.0
 10
-33.664419
 20
38.437513
 30
0.0
 10
-32.465448
 20
39.136877
 30
0.0
 10
-31.260294
 20
38.448218
 30
0.0
  0
LWPOLYLINE
  5
206
100
AcDbEntity
  8
Layer_1
 62
7
100
AcDbPolyline
 90
6
 70
1
 10
-32.504121
 20
39.219706
 30
0.0
 10
-33.703094
 20
38.520343
 30
0.0
 10
-34.908248
 20
39.209002
 30
0.0
 10
-34.914420
 20
40.597024
 30
0.0
 10
-33.715448
 20
41.296388
 30
0.0
 10
-32.510294
 20
40.607729
 30
0.0
  0
LWPOLYLINE
  5
207
100
AcDbEntity
  8
Layer_1
 62
7
100
AcDbPolyline
 90
6
 70
1
 10
-33.754121
 20
41.379218
 30
0.0
 10
-34.953093
 20
40.679855
 30
0.0
 10
-36.158246
 20
41.368514
 30
0.0
 10
-36.164419
 20
42.756536
 30
0.0
 10
-34.965446
 20
43.455900
 30
0.0
 10
-33.760294
 20
42.767241
 30
0.0
  0
LWPOLYLINE
  5
208
100
AcDbEntity
  8
Layer_1
 62
7
100
AcDbPolyline
 90
6
 70
1
 10
-35.004121
 20
43.538731
 30
0.0
 10
-36.203093
 20
42.839367
 30
0.0
 10
-37.408246
 20
43.528026
 30
0.0
 10
-37.414419
 20
44.916048
 30
0.0
 10
-36.215446
 20
45.615412
 30
0.0
 10
-35.010294
 20
44.926753
 30
0.0
  0
LWPOLYLINE
  5
209
100
AcDbEntity
  8
Layer_1
 62
7
100
AcDbPolyline
 90
6
 70
1
 10
-36.254121
 20
45.698243
 30
0.0
 10
-37.453093
 20
44.998879
 30
0.0
 10
-38.658246
 20
45.687538
 30
0.0
 10
-38.664419
 20
47.075560
 30
0.0
 10
-37.465446
 20
47.774924
 30
0.0
 10
-36.260294
 20
47.086265
 30
0.0
  0
LWPOLYLINE
  5
20a
100
AcDbEntity
  8
Layer_1
 62
7
100
AcDbPolyline
 90
6
 70
1
 10
-37.504121
 20
47.857754
 30
0.0
 10
-38.703093
 20
47.158390
 30
0.0
 10
-39.908246
 20
47.847049
 30
0.0
 10
-39.914418
 20
49.235071
 30
0.0
 10
-38.715446
 20
49.934435
 30
0.0
 10
-37.510294
 20
49.245776
 30
0.0
  0
LWPOLYLINE
  5
20b
100
AcDbEntity
  8
Layer_1
 62
7
100
AcDbPolyline
 90
6
 70
1
 10
-38.754121
 20
50.017266
 30
0.0
 10
-39.953093
 20
49.317902
 30
0.0
 10
-41.158245
 20
50.006561
 30
0.0
 10
-41.164418
 20
51.394584
 30
0.0
 10
-39.965446
 20
52.093947
 30
0.0
 10
-38.760293
 20
51.405288
 30
0.0
  0
LWPOLYLINE
  5
20c
100
AcDbEntity
  8
Layer_1
 62
7
100
AcDbPolyline
 90
6
 70
1
 10
-40.004120
 20
52.176778
 30
0.0
 10
-41.203093
 20
51.477414
 30
0.0
 10
-42.408245
 20
52.166073
 30
0.0
 10
-42.414418
 20
53.554096
 30
0.0
 10
-41.215446
 20
54.253459
 30
0.0
 10
-40.010293
 20
53.564801
 30
0.0
  0
LWPOLYLINE
  5
20d
100
AcDbEntity
  8
Layer_1
 62
7
100
AcDbPolyline
 90
6
 70
1
 10
-12.504124
 20
0.348494
 30
0.0
 10
-13.703096
 20
-0.350871
 30
0.0
 10
-14.908249
 20
0.337788
 30
0.0
 10
-14.914422
 20
1.725812
 30
0.0
 10
-13.715449
 20
2.425174
 30
0.0
 10
-12.510297
 20
1.736515
 30
0.0
  0
LWPOLYLINE
  5
20e
100
AcDbEntity
  8
Layer_1
 62
7
100
AcDbPolyline
 90
6
 70
1
 10
-13.754124
 20
2.508005
 30
0.0
 10
-14.953096
 20
1.808642
 30
0.0
 10
-16.158249
 20
2.497301
 30
0.0
 10
-16.164422
 20
3.885323
 30
0.0
 10
-14.965449
 20
4.584687
 30
0.0
 10
-13.760297
 20
3.896028
 30
0.0
  0
LWPOLYLINE
  5
20f
100
AcDbEntity
  8
Layer_1
 62
7
100
AcDbPolyline
 90
6
 70
1
 10
-15.004122
 20
4.667516
 30
0.0
 10
-16.203094
 20
3.968153
 30
0.0
 10
-17.408247
 20
4.656812
 30
0.0
 10
-17.414420
 20
6.044834
 30
0.0
 10
-16.215447
 20
6.744198
 30
0.0
 10
-15.010295
 20
6.055539
 30
0.0
  0
LWPOLYLINE
  5
210
100
AcDbEntity
  8
Layer_1
 62
7
100
AcDbPolyline
 90
6
 70
1
 10
-16.254122
 20
6.827029
 30
0.0
 10
-17.453094
 20
6.127665
 30
0.0
 10
-18.658247
 20
6.816324
 30
0.0
 10
-18.664420
 20
8.204347
 30
0.0
 10
-17.465447
 20
8.903709
 30
0.0
 10
-16.260295
 20
8.215052
 30
0.0
  0
LWPOLYLINE
  5
211
100
AcDbEntity
  8
Layer_1
 62
7
100
AcDbPolyline
 90
6
 70
1
 10
-17.504122
 20
8.986542
 30
0.0
 10
-18.703094
 20
8.287177
 30
0.0
 10
-19.908247
 20
8.975836
 30
0.0
 10
-19.914420
 20
10.363858
 30
0.0
 10
-18.715447
 20
11.063222
 30
0.0
 10
-17.510295
 20
10.374563
 30
0.0
  0
LWPOLYLINE
  5
212
100
AcDbEntity
  8
Layer_1
 62
7
100
AcDbPolyline
 90
6
 70
1
 10
-18.754122
 20
11.146053
 30
0.0
 10
-19.953094
 20
10.446690
 30
0.0
 10
-21.158247
 20
11.135349
 30
0.0
 10
-21.164420
 20
12.523371
 30
0.0
 10
-19.965447
 20
13.222735
 30
0.0
 10
-18.760295
 20
12.534076
 30
0.0
  0
LWPOLYLINE
  5
213
100
AcDbEntity
  8
Layer_1
 62
7
100
AcDbPolyline
 90
6
 70
1
 10
-20.004122
 20
13.305566
 30
0.0
 10
-21.203094
 20
12.606201
 30
0.0
 10
-22.408247
 20
13.294860
 30
0.0
 10
-22.414419
 20
14.682884
 30
0.0
 10
-21.215447
 20
15.382246
 30
0.0
 10
-20.010295
 20
14.693587
 30
0.0
  0
LWPOLYLINE
  5
214
100
AcDbEntity
  8
Layer_1
 62
7
100
AcDbPolyline
 90
6
 70
1
 10
-21.254122
 20
15.465077
 30
0.0
 10
-22.453094
 20
14.765712
 30
0.0
 10
-23.658246
 20
15.454371
 30
0.0
 10
-23.664419
 20
16.842395
 30
0.0
 10
-22.465448
 20
17.541757
 30
0.0
 10
-21.260294
 20
16.853098
 30
0.0
  0
LWPOLYLINE
  5
215
100
AcDbEntity
  8
Layer_1
 62
7
100
AcDbPolyline
 90
6
 70
1
 10
-22.504121
 20
17.624588
 30
0.0
 10
-23.703094
 20
16.925225
 30
0.0
 10
-24.908246
 20
17.613884
 30
0.0
 10
-24.914419
 20
19.001906
 30
0.0
 10
-23.715447
 20
19.701270
 30
0.0
 10
-22.510294
 20
19.012611
 30
0.0
  0
LWPOLYLINE
  5
216
100
AcDbEntity
  8
Layer_1
 62
7
100
AcDbPolyline
 90
6
 70
1
 10
-23.754121
 20
19.784101
 30
0.0
 10
-24.953094
 20
19.084736
 30
0.0
 10
-26.158246
 20
19.773395
 30
0.0
 10
-26.164419
 20
21.161419
 30
0.0
 10
-24.965447
 20
21.860781
 30
0.0
 10
-23.760294
 20
21.172122
 30
0.0
  0
LWPOLYLINE
  5
217
100
AcDbEntity
  8
Layer_1
 62
7
100
AcDbPolyline
 90
6
 70
1
 10
-25.004121
 20
21.943612
 30
0.0
 10
-26.203094
 20
21.244249
 30
0.0
 10
-27.408246
 20
21.932908
 30
0.0
 10
-27.414419
 20
23.320930
 30
0.0
 10
-26.215447
 20
24.020294
 30
0.0
 10
-25.010294
 20
23.331635
 30
0.0
  0
LWPOLYLINE
  5
218
100
AcDbEntity
  8
Layer_1
 62
7
100
AcDbPolyline
 90
6
 70
1
 10
-26.254121
 20
24.103123
 30
0.0
 10
-27.453094
 20
23.403760
 30
0.0
 10
-28.658246
 20
24.092419
 30
0.0
 10
-28.664419
 20
25.480441
 30
0.0
 10
-27.465446
 20
26.179805
 30
0.0
 10
-26.260294
 20
25.491146
 30
0.0
  0
LWPOLYLINE
  5
219
100
AcDbEntity
  8
Layer_1
 62
7
100
AcDbPolyline
 90
6
 70
1
 10
-27.504121
 20
26.262636
 30
0.0
 10
-28.703094
 20
25.563272
 30
0.0
 10
-29.908246
 20
26.251930
 30
0.0
 10
-29.914419
 20
27.639954
 30
0.0
 10
-28.715446
 20
28.339316
 30
0.0
 10
-27.510294
 20
27.650659
 30
0.0
  0
LWPOLYLINE
  5
21a
100
AcDbEntity
  8
Layer_1
 62
7
100
AcDbPolyline
 90
6
 70
1
 10
-28.754121
 20
28.422149
 30
0.0
 10
-29.953094
 20
27.722784
 30
0.0
 10
-31.158246
 20
28.411443
 30
0.0
 10
-31.164419
 20
29.799465
 30
0.0
 10
-29.965446
 20
30.498829
 30
0.0
 10
-28.760294
 20
29.810170
 30
0.0
  0
LWPOLYLINE
  5
21b
100
AcDbEntity
  8
Layer_1
 62
7
100
AcDbPolyline
 90
6
 70
1
 10
-30.004121
 20
30.581660
 30
0.0
 10
-31.203094
 20
29.882297
 30
0.0
 10
-32.408246
 20
30.570956
 30
0.0
 10
-32.414419
 20
31.958978
 30
0.0
 10
-31.215446
 20
32.658342
 30
0.0
 10
-30.010294
 20
31.969683
 30
0.0
  0
LWPOLYLINE
  5
21c
100
AcDbEntity
  8
Layer_1
 62
7
100
AcDbPolyline
 90
6
 70
1
 10
-31.254121
 20
32.741171
 30
0.0
 10
-32.453094
 20
32.041808
 30
0.0
 10
-33.658246
 20
32.730467
 30
0.0
 10
-33.664419
 20
34.118489
 30
0.0
 10
-32.465448
 20
34.817853
 30
0.0
 10
-31.260294
 20
34.129194
 30
0.0
  0
LWPOLYLINE
  5
21d
100
AcDbEntity
  8
Layer_1
 62
7
100
AcDbPolyline
 90
6
 70
1
 10
-32.504121
 20
34.900684
 30
0.0
 10
-33.703094
 20
34.201319
 30
0.0
 10
-34.908248
 20
34.889978
 30
0.0
 10
-34.914420
 20
36.278002
 30
0.0
 10
-33.715448
 20
36.977364
 30
0.0
 10
-32.510294
 20
36.288705
 30
0.0
  0
LWPOLYLINE
  5
21e
100
AcDbEntity
  8
Layer_1
 62
7
100
AcDbPolyline
 90
6
 70
1
 10
-33.754121
 20
37.060195
 30
0.0
 10
-34.953093
 20
36.360832
 30
0.0
 10
-36.158246
 20
37.049491
 30
0.0
 10
-36.164419
 20
38.437513
 30
0.0
 10
-34.965446
 20
39.136877
 30
0.0
 10
-33.760294
 20
38.448218
 30
0.0
  0
LWPOLYLINE
  5
21f
100
AcDbEntity
  8
Layer_1
 62
7
100
AcDbPolyline
 90
6
 70
1
 10
-35.004121
 20
39.219706
 30
0.0
 10
-36.203093
 20
38.520343
 30
0.0
 10
-37.408246
 20
39.209002
 30
0.0
 10
-37.414419
 20
40.597024
 30
0.0
 10
-36.215446
 20
41.296388
 30
0.0
 10
-35.010294
 20
40.607729
 30
0.0
  0
LWPOLYLINE
  5
220
100
AcDbEntity
  8
Layer_1
 62
7
100
AcDbPolyline
 90
6
 70
1
 10
-36.254121
 20
41.379218
 30
0.0
 10
-37.453093
 20
40.679855
 30
0.0
 10
-38.658246
 20
41.368514
 30
0.0
 10
-38.664419
 20
42.756536
 30
0.0
 10
-37.465446
 20
43.455900
 30
0.0
 10
-36.260294
 20
42.767241
 30
0.0
  0
LWPOLYLINE
  5
221
100
AcDbEntity
  8
Layer_1
 62
7
100
AcDbPolyline
 90
6
 70
1
 10
-37.504121
 20
43.538731
 30
0.0
 10
-38.703093
 20
42.839367
 30
0.0
 10
-39.908246
 20
43.528026
 30
0.0
 10
-39.914418
 20
44.916048
 30
0.0
 10
-38.715446
 20
45.615412
 30
0.0
 10
-37.510294
 20
44.926753
 30
0.0
  0
LWPOLYLINE
  5
222
100
AcDbEntity
  8
Layer_1
 62
7
100
AcDbPolyline
 90
6
 70
1
 10
-38.754121
 20
45.698243
 30
0.0
 10
-39.953093
 20
44.998879
 30
0.0
 10
-41.158245
 20
45.687538
 30
0.0
 10
-41.164418
 20
47.075560
 30
0.0
 10
-39.965446
 20
47.774924
 30
0.0
 10
-38.760293
 20
47.086265
 30
0.0
  0
LWPOLYLINE
  5
223
100
AcDbEntity
  8
Layer_1
 62
7
100
AcDbPolyline
 90
6
 70
1
 10
-40.004120
 20
47.857754
 30
0.0
 10
-41.203093
 20
47.158390
 30
0.0
 10
-42.408245
 20
47.847049
 30
0.0
 10
-42.414418
 20
49.235071
 30
0.0
 10
-41.215446
 20
49.934435
 30
0.0
 10
-40.010293
 20
49.245776
 30
0.0
  0
LWPOLYLINE
  5
224
100
AcDbEntity
  8
Layer_1
 62
7
100
AcDbPolyline
 90
6
 70
1
 10
-41.254120
 20
50.017266
 30
0.0
 10
-42.453093
 20
49.317902
 30
0.0
 10
-43.658245
 20
50.006561
 30
0.0
 10
-43.664418
 20
51.394584
 30
0.0
 10
-42.465447
 20
52.093947
 30
0.0
 10
-41.260293
 20
51.405288
 30
0.0
  0
LWPOLYLINE
  5
225
100
AcDbEntity
  8
Layer_1
 62
7
100
AcDbPolyline
 90
6
 70
1
 10
-42.504120
 20
52.176778
 30
0.0
 10
-43.703093
 20
51.477414
 30
0.0
 10
-44.908247
 20
52.166073
 30
0.0
 10
-44.914420
 20
53.554096
 30
0.0
 10
-43.715447
 20
54.253459
 30
0.0
 10
-42.510293
 20
53.564801
 30
0.0
  0
LWPOLYLINE
  5
226
100
AcDbEntity
  8
Layer_1
 62
7
100
AcDbPolyline
 90
6
 70
1
 10
-15.004122
 20
0.348494
 30
0.0
 10
-16.203094
 20
-0.350871
 30
0.0
 10
-17.408247
 20
0.337788
 30
0.0
 10
-17.414420
 20
1.725812
 30
0.0
 10
-16.215447
 20
2.425174
 30
0.0
 10
-15.010295
 20
1.736515
 30
0.0
  0
LWPOLYLINE
  5
227
100
AcDbEntity
  8
Layer_1
 62
7
100
AcDbPolyline
 90
6
 70
1
 10
-16.254122
 20
2.508005
 30
0.0
 10
-17.453094
 20
1.808642
 30
0.0
 10
-18.658247
 20
2.497301
 30
0.0
 10
-18.664420
 20
3.885323
 30
0.0
 10
-17.465447
 20
4.584687
 30
0.0
 10
-16.260295
 20
3.896028
 30
0.0
  0
LWPOLYLINE
  5
228
100
AcDbEntity
  8
Layer_1
 62
7
100
AcDbPolyline
 90
6
 70
1
 10
-17.504122
 20
4.667516
 30
0.0
 10
-18.703094
 20
3.968153
 30
0.0
 10
-19.908247
 20
4.656812
 30
0.0
 10
-19.914420
 20
6.044834
 30
0.0
 10
-18.715447
 20
6.744198
 30
0.0
 10
-17.510295
 20
6.055539
 30
0.0
  0
LWPOLYLINE
  5
229
100
AcDbEntity
  8
Layer_1
 62
7
100
AcDbPolyline
 90
6
 70
1
 10
-18.754122
 20
6.827029
 30
0.0
 10
-19.953094
 20
6.127665
 30
0.0
 10
-21.158247
 20
6.816324
 30
0.0
 10
-21.164420
 20
8.204347
 30
0.0
 10
-19.965447
 20
8.903709
 30
0.0
 10
-18.760295
 20
8.215052
 30
0.0
  0
LWPOLYLINE
  5
22a
100
AcDbEntity
  8
Layer_1
 62
7
100
AcDbPolyline
 90
6
 70
1
 10
-20.004122
 20
8.986542
 30
0.0
 10
-21.203094
 20
8.287177
 30
0.0
 10
-22.408247
 20
8.975836
 30
0.0
 10
-22.414419
 20
10.363858
 30
0.0
 10
-21.215447
 20
11.063222
 30
0.0
 10
-20.010295
 20
10.374563
 30
0.0
  0
LWPOLYLINE
  5
22b
100
AcDbEntity
  8
Layer_1
 62
7
100
AcDbPolyline
 90
6
 70
1
 10
-21.254122
 20
11.146053
 30
0.0
 10
-22.453094
 20
10.446690
 30
0.0
 10
-23.658246
 20
11.135349
 30
0.0
 10
-23.664419
 20
12.523371
 30
0.0
 10
-22.465448
 20
13.222735
 30
0.0
 10
-21.260294
 20
12.534076
 30
0.0
  0
LWPOLYLINE
  5
22c
100
AcDbEntity
  8
Layer_1
 62
7
100
AcDbPolyline
 90
6
 70
1
 10
-22.504121
 20
13.305566
 30
0.0
 10
-23.703094
 20
12.606201
 30
0.0
 10
-24.908246
 20
13.294860
 30
0.0
 10
-24.914419
 20
14.682884
 30
0.0
 10
-23.715447
 20
15.382246
 30
0.0
 10
-22.510294
 20
14.693587
 30
0.0
  0
LWPOLYLINE
  5
22d
100
AcDbEntity
  8
Layer_1
 62
7
100
AcDbPolyline
 90
6
 70
1
 10
-23.754121
 20
15.465077
 30
0.0
 10
-24.953094
 20
14.765712
 30
0.0
 10
-26.158246
 20
15.454371
 30
0.0
 10
-26.164419
 20
16.842395
 30
0.0
 10
-24.965447
 20
17.541757
 30
0.0
 10
-23.760294
 20
16.853098
 30
0.0
  0
LWPOLYLINE
  5
22e
100
AcDbEntity
  8
Layer_1
 62
7
100
AcDbPolyline
 90
6
 70
1
 10
-25.004121
 20
17.624588
 30
0.0
 10
-26.203094
 20
16.925225
 30
0.0
 10
-27.408246
 20
17.613884
 30
0.0
 10
-27.414419
 20
19.001906
 30
0.0
 10
-26.215447
 20
19.701270
 30
0.0
 10
-25.010294
 20
19.012611
 30
0.0
  0
LWPOLYLINE
  5
22f
100
AcDbEntity
  8
Layer_1
 62
7
100
AcDbPolyline
 90
6
 70
1
 10
-26.254121
 20
19.784101
 30
0.0
 10
-27.453094
 20
19.084736
 30
0.0
 10
-28.658246
 20
19.773395
 30
0.0
 10
-28.664419
 20
21.161419
 30
0.0
 10
-27.465446
 20
21.860781
 30
0.0
 10
-26.260294
 20
21.172122
 30
0.0
  0
LWPOLYLINE
  5
230
100
AcDbEntity
  8
Layer_1
 62
7
100
AcDbPolyline
 90
6
 70
1
 10
-27.504121
 20
21.943612
 30
0.0
 10
-28.703094
 20
21.244249
 30
0.0
 10
-29.908246
 20
21.932908
 30
0.0
 10
-29.914419
 20
23.320930
 30
0.0
 10
-28.715446
 20
24.020294
 30
0.0
 10
-27.510294
 20
23.331635
 30
0.0
  0
LWPOLYLINE
  5
231
100
AcDbEntity
  8
Layer_1
 62
7
100
AcDbPolyline
 90
6
 70
1
 10
-28.754121
 20
24.103123
 30
0.0
 10
-29.953094
 20
23.403760
 30
0.0
 10
-31.158246
 20
24.092419
 30
0.0
 10
-31.164419
 20
25.480441
 30
0.0
 10
-29.965446
 20
26.179805
 30
0.0
 10
-28.760294
 20
25.491146
 30
0.0
  0
LWPOLYLINE
  5
232
100
AcDbEntity
  8
Layer_1
 62
7
100
AcDbPolyline
 90
6
 70
1
 10
-30.004121
 20
26.262636
 30
0.0
 10
-31.203094
 20
25.563272
 30
0.0
 10
-32.408246
 20
26.251930
 30
0.0
 10
-32.414419
 20
27.639954
 30
0.0
 10
-31.215446
 20
28.339316
 30
0.0
 10
-30.010294
 20
27.650659
 30
0.0
  0
LWPOLYLINE
  5
233
100
AcDbEntity
  8
Layer_1
 62
7
100
AcDbPolyline
 90
6
 70
1
 10
-31.254121
 20
28.422149
 30
0.0
 10
-32.453094
 20
27.722784
 30
0.0
 10
-33.658246
 20
28.411443
 30
0.0
 10
-33.664419
 20
29.799465
 30
0.0
 10
-32.465448
 20
30.498829
 30
0.0
 10
-31.260294
 20
29.810170
 30
0.0
  0
LWPOLYLINE
  5
234
100
AcDbEntity
  8
Layer_1
 62
7
100
AcDbPolyline
 90
6
 70
1
 10
-32.504121
 20
30.581660
 30
0.0
 10
-33.703094
 20
29.882297
 30
0.0
 10
-34.908248
 20
30.570956
 30
0.0
 10
-34.914420
 20
31.958978
 30
0.0
 10
-33.715448
 20
32.658342
 30
0.0
 10
-32.510294
 20
31.969683
 30
0.0
  0
LWPOLYLINE
  5
235
100
AcDbEntity
  8
Layer_1
 62
7
100
AcDbPolyline
 90
6
 70
1
 10
-33.754121
 20
32.741171
 30
0.0
 10
-34.953093
 20
32.041808
 30
0.0
 10
-36.158246
 20
32.730467
 30
0.0
 10
-36.164419
 20
34.118489
 30
0.0
 10
-34.965446
 20
34.817853
 30
0.0
 10
-33.760294
 20
34.129194
 30
0.0
  0
LWPOLYLINE
  5
236
100
AcDbEntity
  8
Layer_1
 62
7
100
AcDbPolyline
 90
6
 70
1
 10
-35.004121
 20
34.900684
 30
0.0
 10
-36.203093
 20
34.201319
 30
0.0
 10
-37.408246
 20
34.889978
 30
0.0
 10
-37.414419
 20
36.278002
 30
0.0
 10
-36.215446
 20
36.977364
 30
0.0
 10
-35.010294
 20
36.288705
 30
0.0
  0
LWPOLYLINE
  5
237
100
AcDbEntity
  8
Layer_1
 62
7
100
AcDbPolyline
 90
6
 70
1
 10
-36.254121
 20
37.060195
 30
0.0
 10
-37.453093
 20
36.360832
 30
0.0
 10
-38.658246
 20
37.049491
 30
0.0
 10
-38.664419
 20
38.437513
 30
0.0
 10
-37.465446
 20
39.136877
 30
0.0
 10
-36.260294
 20
38.448218
 30
0.0
  0
LWPOLYLINE
  5
238
100
AcDbEntity
  8
Layer_1
 62
7
100
AcDbPolyline
 90
6
 70
1
 10
-37.504121
 20
39.219706
 30
0.0
 10
-38.703093
 20
38.520343
 30
0.0
 10
-39.908246
 20
39.209002
 30
0.0
 10
-39.914418
 20
40.597024
 30
0.0
 10
-38.715446
 20
41.296388
 30
0.0
 10
-37.510294
 20
40.607729
 30
0.0
  0
LWPOLYLINE
  5
239
100
AcDbEntity
  8
Layer_1
 62
7
100
AcDbPolyline
 90
6
 70
1
 10
-38.754121
 20
41.379218
 30
0.0
 10
-39.953093
 20
40.679855
 30
0.0
 10
-41.158245
 20
41.368514
 30
0.0
 10
-41.164418
 20
42.756536
 30
0.0
 10
-39.965446
 20
43.455900
 30
0.0
 10
-38.760293
 20
42.767241
 30
0.0
  0
LWPOLYLINE
  5
23a
100
AcDbEntity
  8
Layer_1
 62
7
100
AcDbPolyline
 90
6
 70
1
 10
-40.004120
 20
43.538731
 30
0.0
 10
-41.203093
 20
42.839367
 30
0.0
 10
-42.408245
 20
43.528026
 30
0.0
 10
-42.414418
 20
44.916048
 30
0.0
 10
-41.215446
 20
45.615412
 30
0.0
 10
-40.010293
 20
44.926753
 30
0.0
  0
LWPOLYLINE
  5
23b
100
AcDbEntity
  8
Layer_1
 62
7
100
AcDbPolyline
 90
6
 70
1
 10
-41.254120
 20
45.698243
 30
0.0
 10
-42.453093
 20
44.998879
 30
0.0
 10
-43.658245
 20
45.687538
 30
0.0
 10
-43.664418
 20
47.075560
 30
0.0
 10
-42.465447
 20
47.774924
 30
0.0
 10
-41.260293
 20
47.086265
 30
0.0
  0
LWPOLYLINE
  5
23c
100
AcDbEntity
  8
Layer_1
 62
7
100
AcDbPolyline
 90
6
 70
1
 10
-42.504120
 20
47.857754
 30
0.0
 10
-43.703093
 20
47.158390
 30
0.0
 10
-44.908247
 20
47.847049
 30
0.0
 10
-44.914420
 20
49.235071
 30
0.0
 10
-43.715447
 20
49.934435
 30
0.0
 10
-42.510293
 20
49.245776
 30
0.0
  0
LWPOLYLINE
  5
23d
100
AcDbEntity
  8
Layer_1
 62
7
100
AcDbPolyline
 90
6
 70
1
 10
-43.754120
 20
50.017266
 30
0.0
 10
-44.953093
 20
49.317902
 30
0.0
 10
-46.158247
 20
50.006561
 30
0.0
 10
-46.164420
 20
51.394584
 30
0.0
 10
-44.965447
 20
52.093947
 30
0.0
 10
-43.760293
 20
51.405288
 30
0.0
  0
LWPOLYLINE
  5
23e
100
AcDbEntity
  8
Layer_1
 62
7
100
AcDbPolyline
 90
6
 70
1
 10
-45.004120
 20
52.176778
 30
0.0
 10
-46.203093
 20
51.477414
 30
0.0
 10
-47.408247
 20
52.166073
 30
0.0
 10
-47.414420
 20
53.554096
 30
0.0
 10
-46.215447
 20
54.253459
 30
0.0
 10
-45.010293
 20
53.564801
 30
0.0
  0
LWPOLYLINE
  5
23f
100
AcDbEntity
  8
Layer_1
 62
7
100
AcDbPolyline
 90
6
 70
1
 10
-17.504122
 20
0.348494
 30
0.0
 10
-18.703094
 20
-0.350871
 30
0.0
 10
-19.908247
 20
0.337788
 30
0.0
 10
-19.914420
 20
1.725812
 30
0.0
 10
-18.715447
 20
2.425174
 30
0.0
 10
-17.510295
 20
1.736515
 30
0.0
  0
LWPOLYLINE
  5
240
100
AcDbEntity
  8
Layer_1
 62
7
100
AcDbPolyline
 90
6
 70
1
 10
-18.754122
 20
2.508005
 30
0.0
 10
-19.953094
 20
1.808642
 30
0.0
 10
-21.158247
 20
2.497301
 30
0.0
 10
-21.164420
 20
3.885323
 30
0.0
 10
-19.965447
 20
4.584687
 30
0.0
 10
-18.760295
 20
3.896028
 30
0.0
  0
LWPOLYLINE
  5
241
100
AcDbEntity
  8
Layer_1
 62
7
100
AcDbPolyline
 90
6
 70
1
 10
-20.004122
 20
4.667516
 30
0.0
 10
-21.203094
 20
3.968153
 30
0.0
 10
-22.408247
 20
4.656812
 30
0.0
 10
-22.414419
 20
6.044834
 30
0.0
 10
-21.215447
 20
6.744198
 30
0.0
 10
-20.010295
 20
6.055539
 30
0.0
  0
LWPOLYLINE
  5
242
100
AcDbEntity
  8
Layer_1
 62
7
100
AcDbPolyline
 90
6
 70
1
 10
-21.254122
 20
6.827029
 30
0.0
 10
-22.453094
 20
6.127665
 30
0.0
 10
-23.658246
 20
6.816324
 30
0.0
 10
-23.664419
 20
8.204347
 30
0.0
 10
-22.465448
 20
8.903709
 30
0.0
 10
-21.260294
 20
8.215052
 30
0.0
  0
LWPOLYLINE
  5
243
100
AcDbEntity
  8
Layer_1
 62
7
100
AcDbPolyline
 90
6
 70
1
 10
-22.504121
 20
8.986542
 30
0.0
 10
-23.703094
 20
8.287177
 30
0.0
 10
-24.908246
 20
8.975836
 30
0.0
 10
-24.914419
 20
10.363858
 30
0.0
 10
-23.715447
 20
11.063222
 30
0.0
 10
-22.510294
 20
10.374563
 30
0.0
  0
LWPOLYLINE
  5
244
100
AcDbEntity
  8
Layer_1
 62
7
100
AcDbPolyline
 90
6
 70
1
 10
-23.754121
 20
11.146053
 30
0.0
 10
-24.953094
 20
10.446690
 30
0.0
 10
-26.158246
 20
11.135349
 30
0.0
 10
-26.164419
 20
12.523371
 30
0.0
 10
-24.965447
 20
13.222735
 30
0.0
 10
-23.760294
 20
12.534076
 30
0.0
  0
LWPOLYLINE
  5
245
100
AcDbEntity
  8
Layer_1
 62
7
100
AcDbPolyline
 90
6
 70
1
 10
-25.004121
 20
13.305566
 30
0.0
 10
-26.203094
 20
12.606201
 30
0.0
 10
-27.408246
 20
13.294860
 30
0.0
 10
-27.414419
 20
14.682884
 30
0.0
 10
-26.215447
 20
15.382246
 30
0.0
 10
-25.010294
 20
14.693587
 30
0.0
  0
LWPOLYLINE
  5
246
100
AcDbEntity
  8
Layer_1
 62
7
100
AcDbPolyline
 90
6
 70
1
 10
-26.254121
 20
15.465077
 30
0.0
 10
-27.453094
 20
14.765712
 30
0.0
 10
-28.658246
 20
15.454371
 30
0.0
 10
-28.664419
 20
16.842395
 30
0.0
 10
-27.465446
 20
17.541757
 30
0.0
 10
-26.260294
 20
16.853098
 30
0.0
  0
LWPOLYLINE
  5
247
100
AcDbEntity
  8
Layer_1
 62
7
100
AcDbPolyline
 90
6
 70
1
 10
-27.504121
 20
17.624588
 30
0.0
 10
-28.703094
 20
16.925225
 30
0.0
 10
-29.908246
 20
17.613884
 30
0.0
 10
-29.914419
 20
19.001906
 30
0.0
 10
-28.715446
 20
19.701270
 30
0.0
 10
-27.510294
 20
19.012611
 30
0.0
  0
LWPOLYLINE
  5
248
100
AcDbEntity
  8
Layer_1
 62
7
100
AcDbPolyline
 90
6
 70
1
 10
-28.754121
 20
19.784101
 30
0.0
 10
-29.953094
 20
19.084736
 30
0.0
 10
-31.158246
 20
19.773395
 30
0.0
 10
-31.164419
 20
21.161419
 30
0.0
 10
-29.965446
 20
21.860781
 30
0.0
 10
-28.760294
 20
21.172122
 30
0.0
  0
LWPOLYLINE
  5
249
100
AcDbEntity
  8
Layer_1
 62
7
100
AcDbPolyline
 90
6
 70
1
 10
-30.004121
 20
21.943612
 30
0.0
 10
-31.203094
 20
21.244249
 30
0.0
 10
-32.408246
 20
21.932908
 30
0.0
 10
-32.414419
 20
23.320930
 30
0.0
 10
-31.215446
 20
24.020294
 30
0.0
 10
-30.010294
 20
23.331635
 30
0.0
  0
LWPOLYLINE
  5
24a
100
AcDbEntity
  8
Layer_1
 62
7
100
AcDbPolyline
 90
6
 70
1
 10
-31.254121
 20
24.103123
 30
0.0
 10
-32.453094
 20
23.403760
 30
0.0
 10
-33.658246
 20
24.092419
 30
0.0
 10
-33.664419
 20
25.480441
 30
0.0
 10
-32.465448
 20
26.179805
 30
0.0
 10
-31.260294
 20
25.491146
 30
0.0
  0
LWPOLYLINE
  5
24b
100
AcDbEntity
  8
Layer_1
 62
7
100
AcDbPolyline
 90
6
 70
1
 10
-32.504121
 20
26.262636
 30
0.0
 10
-33.703094
 20
25.563272
 30
0.0
 10
-34.908248
 20
26.251930
 30
0.0
 10
-34.914420
 20
27.639954
 30
0.0
 10
-33.715448
 20
28.339316
 30
0.0
 10
-32.510294
 20
27.650659
 30
0.0
  0
LWPOLYLINE
  5
24c
100
AcDbEntity
  8
Layer_1
 62
7
100
AcDbPolyline
 90
6
 70
1
 10
-33.754121
 20
28.422149
 30
0.0
 10
-34.953093
 20
27.722784
 30
0.0
 10
-36.158246
 20
28.411443
 30
0.0
 10
-36.164419
 20
29.799465
 30
0.0
 10
-34.965446
 20
30.498829
 30
0.0
 10
-33.760294
 20
29.810170
 30
0.0
  0
LWPOLYLINE
  5
24d
100
AcDbEntity
  8
Layer_1
 62
7
100
AcDbPolyline
 90
6
 70
1
 10
-35.004121
 20
30.581660
 30
0.0
 10
-36.203093
 20
29.882297
 30
0.0
 10
-37.408246
 20
30.570956
 30
0.0
 10
-37.414419
 20
31.958978
 30
0.0
 10
-36.215446
 20
32.658342
 30
0.0
 10
-35.010294
 20
31.969683
 30
0.0
  0
LWPOLYLINE
  5
24e
100
AcDbEntity
  8
Layer_1
 62
7
100
AcDbPolyline
 90
6
 70
1
 10
-36.254121
 20
32.741171
 30
0.0
 10
-37.453093
 20
32.041808
 30
0.0
 10
-38.658246
 20
32.730467
 30
0.0
 10
-38.664419
 20
34.118489
 30
0.0
 10
-37.465446
 20
34.817853
 30
0.0
 10
-36.260294
 20
34.129194
 30
0.0
  0
LWPOLYLINE
  5
24f
100
AcDbEntity
  8
Layer_1
 62
7
100
AcDbPolyline
 90
6
 70
1
 10
-37.504121
 20
34.900684
 30
0.0
 10
-38.703093
 20
34.201319
 30
0.0
 10
-39.908246
 20
34.889978
 30
0.0
 10
-39.914418
 20
36.278002
 30
0.0
 10
-38.715446
 20
36.977364
 30
0.0
 10
-37.510294
 20
36.288705
 30
0.0
  0
LWPOLYLINE
  5
250
100
AcDbEntity
  8
Layer_1
 62
7
100
AcDbPolyline
 90
6
 70
1
 10
-38.754121
 20
37.060195
 30
0.0
 10
-39.953093
 20
36.360832
 30
0.0
 10
-41.158245
 20
37.049491
 30
0.0
 10
-41.164418
 20
38.437513
 30
0.0
 10
-39.965446
 20
39.136877
 30
0.0
 10
-38.760293
 20
38.448218
 30
0.0
  0
LWPOLYLINE
  5
251
100
AcDbEntity
  8
Layer_1
 62
7
100
AcDbPolyline
 90
6
 70
1
 10
-40.004120
 20
39.219706
 30
0.0
 10
-41.203093
 20
38.520343
 30
0.0
 10
-42.408245
 20
39.209002
 30
0.0
 10
-42.414418
 20
40.597024
 30
0.0
 10
-41.215446
 20
41.296388
 30
0.0
 10
-40.010293
 20
40.607729
 30
0.0
  0
LWPOLYLINE
  5
252
100
AcDbEntity
  8
Layer_1
 62
7
100
AcDbPolyline
 90
6
 70
1
 10
-41.254120
 20
41.379218
 30
0.0
 10
-42.453093
 20
40.679855
 30
0.0
 10
-43.658245
 20
41.368514
 30
0.0
 10
-43.664418
 20
42.756536
 30
0.0
 10
-42.465447
 20
43.455900
 30
0.0
 10
-41.260293
 20
42.767241
 30
0.0
  0
LWPOLYLINE
  5
253
100
AcDbEntity
  8
Layer_1
 62
7
100
AcDbPolyline
 90
6
 70
1
 10
-42.504120
 20
43.538731
 30
0.0
 10
-43.703093
 20
42.839367
 30
0.0
 10
-44.908247
 20
43.528026
 30
0.0
 10
-44.914420
 20
44.916048
 30
0.0
 10
-43.715447
 20
45.615412
 30
0.0
 10
-42.510293
 20
44.926753
 30
0.0
  0
LWPOLYLINE
  5
254
100
AcDbEntity
  8
Layer_1
 62
7
100
AcDbPolyline
 90
6
 70
1
 10
-43.754120
 20
45.698243
 30
0.0
 10
-44.953093
 20
44.998879
 30
0.0
 10
-46.158247
 20
45.687538
 30
0.0
 10
-46.164420
 20
47.075560
 30
0.0
 10
-44.965447
 20
47.774924
 30
0.0
 10
-43.760293
 20
47.086265
 30
0.0
  0
LWPOLYLINE
  5
255
100
AcDbEntity
  8
Layer_1
 62
7
100
AcDbPolyline
 90
6
 70
1
 10
-45.004120
 20
47.857754
 30
0.0
 10
-46.203093
 20
47.158390
 30
0.0
 10
-47.408247
 20
47.847049
 30
0.0
 10
-47.414420
 20
49.235071
 30
0.0
 10
-46.215447
 20
49.934435
 30
0.0
 10
-45.010293
 20
49.245776
 30
0.0
  0
LWPOLYLINE
  5
256
100
AcDbEntity
  8
Layer_1
 62
7
100
AcDbPolyline
 90
6
 70
1
 10
-46.254120
 20
50.017266
 30
0.0
 10
-47.453093
 20
49.317902
 30
0.0
 10
-48.658247
 20
50.006561
 30
0.0
 10
-48.664420
 20
51.394584
 30
0.0
 10
-47.465447
 20
52.093947
 30
0.0
 10
-46.260295
 20
51.405288
 30
0.0
  0
LWPOLYLINE
  5
257
100
AcDbEntity
  8
Layer_1
 62
7
100
AcDbPolyline
 90
6
 70
1
 10
-47.504120
 20
52.176778
 30
0.0
 10
-48.703093
 20
51.477414
 30
0.0
 10
-49.908245
 20
52.166073
 30
0.0
 10
-49.914418
 20
53.554096
 30
0.0
 10
-48.715445
 20
54.253459
 30
0.0
 10
-47.510293
 20
53.564801
 30
0.0
  0
LWPOLYLINE
  5
258
100
AcDbEntity
  8
Layer_1
 62
7
100
AcDbPolyline
 90
6
 70
1
 10
-20.004122
 20
0.348494
 30
0.0
 10
-21.203094
 20
-0.350871
 30
0.0
 10
-22.408247
 20
0.337788
 30
0.0
 10
-22.414419
 20
1.725812
 30
0.0
 10
-21.215447
 20
2.425174
 30
0.0
 10
-20.010295
 20
1.736515
 30
0.0
  0
LWPOLYLINE
  5
259
100
AcDbEntity
  8
Layer_1
 62
7
100
AcDbPolyline
 90
6
 70
1
 10
-21.254122
 20
2.508005
 30
0.0
 10
-22.453094
 20
1.808642
 30
0.0
 10
-23.658246
 20
2.497301
 30
0.0
 10
-23.664419
 20
3.885323
 30
0.0
 10
-22.465448
 20
4.584687
 30
0.0
 10
-21.260294
 20
3.896028
 30
0.0
  0
LWPOLYLINE
  5
25a
100
AcDbEntity
  8
Layer_1
 62
7
100
AcDbPolyline
 90
6
 70
1
 10
-22.504121
 20
4.667516
 30
0.0
 10
-23.703094
 20
3.968153
 30
0.0
 10
-24.908246
 20
4.656812
 30
0.0
 10
-24.914419
 20
6.044834
 30
0.0
 10
-23.715447
 20
6.744198
 30
0.0
 10
-22.510294
 20
6.055539
 30
0.0
  0
LWPOLYLINE
  5
25b
100
AcDbEntity
  8
Layer_1
 62
7
100
AcDbPolyline
 90
6
 70
1
 10
-23.754121
 20
6.827029
 30
0.0
 10
-24.953094
 20
6.127665
 30
0.0
 10
-26.158246
 20
6.816324
 30
0.0
 10
-26.164419
 20
8.204347
 30
0.0
 10
-24.965447
 20
8.903709
 30
0.0
 10
-23.760294
 20
8.215052
 30
0.0
  0
LWPOLYLINE
  5
25c
100
AcDbEntity
  8
Layer_1
 62
7
100
AcDbPolyline
 90
6
 70
1
 10
-25.004121
 20
8.986542
 30
0.0
 10
-26.203094
 20
8.287177
 30
0.0
 10
-27.408246
 20
8.975836
 30
0.0
 10
-27.414419
 20
10.363858
 30
0.0
 10
-26.215447
 20
11.063222
 30
0.0
 10
-25.010294
 20
10.374563
 30
0.0
  0
LWPOLYLINE
  5
25d
100
AcDbEntity
  8
Layer_1
 62
7
100
AcDbPolyline
 90
6
 70
1
 10
-26.254121
 20
11.146053
 30
0.0
 10
-27.453094
 20
10.446690
 30
0.0
 10
-28.658246
 20
11.135349
 30
0.0
 10
-28.664419
 20
12.523371
 30
0.0
 10
-27.465446
 20
13.222735
 30
0.0
 10
-26.260294
 20
12.534076
 30
0.0
  0
LWPOLYLINE
  5
25e
100
AcDbEntity
  8
Layer_1
 62
7
100
AcDbPolyline
 90
6
 70
1
 10
-27.504121
 20
13.305566
 30
0.0
 10
-28.703094
 20
12.606201
 30
0.0
 10
-29.908246
 20
13.294860
 30
0.0
 10
-29.914419
 20
14.682884
 30
0.0
 10
-28.715446
 20
15.382246
 30
0.0
 10
-27.510294
 20
14.693587
 30
0.0
  0
LWPOLYLINE
  5
25f
100
AcDbEntity
  8
Layer_1
 62
7
100
AcDbPolyline
 90
6
 70
1
 10
-28.754121
 20
15.465077
 30
0.0
 10
-29.953094
 20
14.765712
 30
0.0
 10
-31.158246
 20
15.454371
 30
0.0
 10
-31.164419
 20
16.842395
 30
0.0
 10
-29.965446
 20
17.541757
 30
0.0
 10
-28.760294
 20
16.853098
 30
0.0
  0
LWPOLYLINE
  5
260
100
AcDbEntity
  8
Layer_1
 62
7
100
AcDbPolyline
 90
6
 70
1
 10
-30.004121
 20
17.624588
 30
0.0
 10
-31.203094
 20
16.925225
 30
0.0
 10
-32.408246
 20
17.613884
 30
0.0
 10
-32.414419
 20
19.001906
 30
0.0
 10
-31.215446
 20
19.701270
 30
0.0
 10
-30.010294
 20
19.012611
 30
0.0
  0
LWPOLYLINE
  5
261
100
AcDbEntity
  8
Layer_1
 62
7
100
AcDbPolyline
 90
6
 70
1
 10
-31.254121
 20
19.784101
 30
0.0
 10
-32.453094
 20
19.084736
 30
0.0
 10
-33.658246
 20
19.773395
 30
0.0
 10
-33.664419
 20
21.161419
 30
0.0
 10
-32.465448
 20
21.860781
 30
0.0
 10
-31.260294
 20
21.172122
 30
0.0
  0
LWPOLYLINE
  5
262
100
AcDbEntity
  8
Layer_1
 62
7
100
AcDbPolyline
 90
6
 70
1
 10
-32.504121
 20
21.943612
 30
0.0
 10
-33.703094
 20
21.244249
 30
0.0
 10
-34.908248
 20
21.932908
 30
0.0
 10
-34.914420
 20
23.320930
 30
0.0
 10
-33.715448
 20
24.020294
 30
0.0
 10
-32.510294
 20
23.331635
 30
0.0
  0
LWPOLYLINE
  5
263
100
AcDbEntity
  8
Layer_1
 62
7
100
AcDbPolyline
 90
6
 70
1
 10
-33.754121
 20
24.103123
 30
0.0
 10
-34.953093
 20
23.403760
 30
0.0
 10
-36.158246
 20
24.092419
 30
0.0
 10
-36.164419
 20
25.480441
 30
0.0
 10
-34.965446
 20
26.179805
 30
0.0
 10
-33.760294
 20
25.491146
 30
0.0
  0
LWPOLYLINE
  5
264
100
AcDbEntity
  8
Layer_1
 62
7
100
AcDbPolyline
 90
6
 70
1
 10
-35.004121
 20
26.262636
 30
0.0
 10
-36.203093
 20
25.563272
 30
0.0
 10
-37.408246
 20
26.251930
 30
0.0
 10
-37.414419
 20
27.639954
 30
0.0
 10
-36.215446
 20
28.339316
 30
0.0
 10
-35.010294
 20
27.650659
 30
0.0
  0
LWPOLYLINE
  5
265
100
AcDbEntity
  8
Layer_1
 62
7
100
AcDbPolyline
 90
6
 70
1
 10
-36.254121
 20
28.422149
 30
0.0
 10
-37.453093
 20
27.722784
 30
0.0
 10
-38.658246
 20
28.411443
 30
0.0
 10
-38.664419
 20
29.799465
 30
0.0
 10
-37.465446
 20
30.498829
 30
0.0
 10
-36.260294
 20
29.810170
 30
0.0
  0
LWPOLYLINE
  5
266
100
AcDbEntity
  8
Layer_1
 62
7
100
AcDbPolyline
 90
6
 70
1
 10
-37.504121
 20
30.581660
 30
0.0
 10
-38.703093
 20
29.882297
 30
0.0
 10
-39.908246
 20
30.570956
 30
0.0
 10
-39.914418
 20
31.958978
 30
0.0
 10
-38.715446
 20
32.658342
 30
0.0
 10
-37.510294
 20
31.969683
 30
0.0
  0
LWPOLYLINE
  5
267
100
AcDbEntity
  8
Layer_1
 62
7
100
AcDbPolyline
 90
6
 70
1
 10
-38.754121
 20
32.741171
 30
0.0
 10
-39.953093
 20
32.041808
 30
0.0
 10
-41.158245
 20
32.730467
 30
0.0
 10
-41.164418
 20
34.118489
 30
0.0
 10
-39.965446
 20
34.817853
 30
0.0
 10
-38.760293
 20
34.129194
 30
0.0
  0
LWPOLYLINE
  5
268
100
AcDbEntity
  8
Layer_1
 62
7
100
AcDbPolyline
 90
6
 70
1
 10
-40.004120
 20
34.900684
 30
0.0
 10
-41.203093
 20
34.201319
 30
0.0
 10
-42.408245
 20
34.889978
 30
0.0
 10
-42.414418
 20
36.278002
 30
0.0
 10
-41.215446
 20
36.977364
 30
0.0
 10
-40.010293
 20
36.288705
 30
0.0
  0
LWPOLYLINE
  5
269
100
AcDbEntity
  8
Layer_1
 62
7
100
AcDbPolyline
 90
6
 70
1
 10
-41.254120
 20
37.060195
 30
0.0
 10
-42.453093
 20
36.360832
 30
0.0
 10
-43.658245
 20
37.049491
 30
0.0
 10
-43.664418
 20
38.437513
 30
0.0
 10
-42.465447
 20
39.136877
 30
0.0
 10
-41.260293
 20
38.448218
 30
0.0
  0
LWPOLYLINE
  5
26a
100
AcDbEntity
  8
Layer_1
 62
7
100
AcDbPolyline
 90
6
 70
1
 10
-42.504120
 20
39.219706
 30
0.0
 10
-43.703093
 20
38.520343
 30
0.0
 10
-44.908247
 20
39.209002
 30
0.0
 10
-44.914420
 20
40.597024
 30
0.0
 10
-43.715447
 20
41.296388
 30
0.0
 10
-42.510293
 20
40.607729
 30
0.0
  0
LWPOLYLINE
  5
26b
100
AcDbEntity
  8
Layer_1
 62
7
100
AcDbPolyline
 90
6
 70
1
 10
-43.754120
 20
41.379218
 30
0.0
 10
-44.953093
 20
40.679855
 30
0.0
 10
-46.158247
 20
41.368514
 30
0.0
 10
-46.164420
 20
42.756536
 30
0.0
 10
-44.965447
 20
43.455900
 30
0.0
 10
-43.760293
 20
42.767241
 30
0.0
  0
LWPOLYLINE
  5
26c
100
AcDbEntity
  8
Layer_1
 62
7
100
AcDbPolyline
 90
6
 70
1
 10
-45.004120
 20
43.538731
 30
0.0
 10
-46.203093
 20
42.839367
 30
0.0
 10
-47.408247
 20
43.528026
 30
0.0
 10
-47.414420
 20
44.916048
 30
0.0
 10
-46.215447
 20
45.615412
 30
0.0
 10
-45.010293
 20
44.926753
 30
0.0
  0
LWPOLYLINE
  5
26d
100
AcDbEntity
  8
Layer_1
 62
7
100
AcDbPolyline
 90
6
 70
1
 10
-46.254120
 20
45.698243
 30
0.0
 10
-47.453093
 20
44.998879
 30
0.0
 10
-48.658247
 20
45.687538
 30
0.0
 10
-48.664420
 20
47.075560
 30
0.0
 10
-47.465447
 20
47.774924
 30
0.0
 10
-46.260295
 20
47.086265
 30
0.0
  0
LWPOLYLINE
  5
26e
100
AcDbEntity
  8
Layer_1
 62
7
100
AcDbPolyline
 90
6
 70
1
 10
-47.504120
 20
47.857754
 30
0.0
 10
-48.703093
 20
47.158390
 30
0.0
 10
-49.908245
 20
47.847049
 30
0.0
 10
-49.914418
 20
49.235071
 30
0.0
 10
-48.715445
 20
49.934435
 30
0.0
 10
-47.510293
 20
49.245776
 30
0.0
  0
LWPOLYLINE
  5
26f
100
AcDbEntity
  8
Layer_1
 62
7
100
AcDbPolyline
 90
6
 70
1
 10
-48.754120
 20
50.017266
 30
0.0
 10
-49.953093
 20
49.317902
 30
0.0
 10
-51.158245
 20
50.006561
 30
0.0
 10
-51.164418
 20
51.394584
 30
0.0
 10
-49.965445
 20
52.093947
 30
0.0
 10
-48.760293
 20
51.405288
 30
0.0
  0
LWPOLYLINE
  5
270
100
AcDbEntity
  8
Layer_1
 62
7
100
AcDbPolyline
 90
6
 70
1
 10
-50.004120
 20
52.176778
 30
0.0
 10
-51.203093
 20
51.477414
 30
0.0
 10
-52.408245
 20
52.166073
 30
0.0
 10
-52.414418
 20
53.554096
 30
0.0
 10
-51.215447
 20
54.253459
 30
0.0
 10
-50.010293
 20
53.564801
 30
0.0
  0
LWPOLYLINE
  5
271
100
AcDbEntity
  8
Layer_1
 62
7
100
AcDbPolyline
 90
6
 70
1
 10
-22.504121
 20
0.348494
 30
0.0
 10
-23.703094
 20
-0.350871
 30
0.0
 10
-24.908246
 20
0.337788
 30
0.0
 10
-24.914419
 20
1.725812
 30
0.0
 10
-23.715447
 20
2.425174
 30
0.0
 10
-22.510294
 20
1.736515
 30
0.0
  0
LWPOLYLINE
  5
272
100
AcDbEntity
  8
Layer_1
 62
7
100
AcDbPolyline
 90
6
 70
1
 10
-23.754121
 20
2.508005
 30
0.0
 10
-24.953094
 20
1.808642
 30
0.0
 10
-26.158246
 20
2.497301
 30
0.0
 10
-26.164419
 20
3.885323
 30
0.0
 10
-24.965447
 20
4.584687
 30
0.0
 10
-23.760294
 20
3.896028
 30
0.0
  0
LWPOLYLINE
  5
273
100
AcDbEntity
  8
Layer_1
 62
7
100
AcDbPolyline
 90
6
 70
1
 10
-25.004121
 20
4.667516
 30
0.0
 10
-26.203094
 20
3.968153
 30
0.0
 10
-27.408246
 20
4.656812
 30
0.0
 10
-27.414419
 20
6.044834
 30
0.0
 10
-26.215447
 20
6.744198
 30
0.0
 10
-25.010294
 20
6.055539
 30
0.0
  0
LWPOLYLINE
  5
274
100
AcDbEntity
  8
Layer_1
 62
7
100
AcDbPolyline
 90
6
 70
1
 10
-26.254121
 20
6.827029
 30
0.0
 10
-27.453094
 20
6.127665
 30
0.0
 10
-28.658246
 20
6.816324
 30
0.0
 10
-28.664419
 20
8.204347
 30
0.0
 10
-27.465446
 20
8.903709
 30
0.0
 10
-26.260294
 20
8.215052
 30
0.0
  0
LWPOLYLINE
  5
275
100
AcDbEntity
  8
Layer_1
 62
7
100
AcDbPolyline
 90
6
 70
1
 10
-27.504121
 20
8.986542
 30
0.0
 10
-28.703094
 20
8.287177
 30
0.0
 10
-29.908246
 20
8.975836
 30
0.0
 10
-29.914419
 20
10.363858
 30
0.0
 10
-28.715446
 20
11.063222
 30
0.0
 10
-27.510294
 20
10.374563
 30
0.0
  0
LWPOLYLINE
  5
276
100
AcDbEntity
  8
Layer_1
 62
7
100
AcDbPolyline
 90
6
 70
1
 10
-28.754121
 20
11.146053
 30
0.0
 10
-29.953094
 20
10.446690
 30
0.0
 10
-31.158246
 20
11.135349
 30
0.0
 10
-31.164419
 20
12.523371
 30
0.0
 10
-29.965446
 20
13.222735
 30
0.0
 10
-28.760294
 20
12.534076
 30
0.0
  0
LWPOLYLINE
  5
277
100
AcDbEntity
  8
Layer_1
 62
7
100
AcDbPolyline
 90
6
 70
1
 10
-30.004121
 20
13.305566
 30
0.0
 10
-31.203094
 20
12.606201
 30
0.0
 10
-32.408246
 20
13.294860
 30
0.0
 10
-32.414419
 20
14.682884
 30
0.0
 10
-31.215446
 20
15.382246
 30
0.0
 10
-30.010294
 20
14.693587
 30
0.0
  0
LWPOLYLINE
  5
278
100
AcDbEntity
  8
Layer_1
 62
7
100
AcDbPolyline
 90
6
 70
1
 10
-31.254121
 20
15.465077
 30
0.0
 10
-32.453094
 20
14.765712
 30
0.0
 10
-33.658246
 20
15.454371
 30
0.0
 10
-33.664419
 20
16.842395
 30
0.0
 10
-32.465448
 20
17.541757
 30
0.0
 10
-31.260294
 20
16.853098
 30
0.0
  0
LWPOLYLINE
  5
279
100
AcDbEntity
  8
Layer_1
 62
7
100
AcDbPolyline
 90
6
 70
1
 10
-32.504121
 20
17.624588
 30
0.0
 10
-33.703094
 20
16.925225
 30
0.0
 10
-34.908248
 20
17.613884
 30
0.0
 10
-34.914420
 20
19.001906
 30
0.0
 10
-33.715448
 20
19.701270
 30
0.0
 10
-32.510294
 20
19.012611
 30
0.0
  0
LWPOLYLINE
  5
27a
100
AcDbEntity
  8
Layer_1
 62
7
100
AcDbPolyline
 90
6
 70
1
 10
-33.754121
 20
19.784101
 30
0.0
 10
-34.953093
 20
19.084736
 30
0.0
 10
-36.158246
 20
19.773395
 30
0.0
 10
-36.164419
 20
21.161419
 30
0.0
 10
-34.965446
 20
21.860781
 30
0.0
 10
-33.760294
 20
21.172122
 30
0.0
  0
LWPOLYLINE
  5
27b
100
AcDbEntity
  8
Layer_1
 62
7
100
AcDbPolyline
 90
6
 70
1
 10
-35.004121
 20
21.943612
 30
0.0
 10
-36.203093
 20
21.244249
 30
0.0
 10
-37.408246
 20
21.932908
 30
0.0
 10
-37.414419
 20
23.320930
 30
0.0
 10
-36.215446
 20
24.020294
 30
0.0
 10
-35.010294
 20
23.331635
 30
0.0
  0
LWPOLYLINE
  5
27c
100
AcDbEntity
  8
Layer_1
 62
7
100
AcDbPolyline
 90
6
 70
1
 10
-36.254121
 20
24.103123
 30
0.0
 10
-37.453093
 20
23.403760
 30
0.0
 10
-38.658246
 20
24.092419
 30
0.0
 10
-38.664419
 20
25.480441
 30
0.0
 10
-37.465446
 20
26.179805
 30
0.0
 10
-36.260294
 20
25.491146
 30
0.0
  0
LWPOLYLINE
  5
27d
100
AcDbEntity
  8
Layer_1
 62
7
100
AcDbPolyline
 90
6
 70
1
 10
-37.504121
 20
26.262636
 30
0.0
 10
-38.703093
 20
25.563272
 30
0.0
 10
-39.908246
 20
26.251930
 30
0.0
 10
-39.914418
 20
27.639954
 30
0.0
 10
-38.715446
 20
28.339316
 30
0.0
 10
-37.510294
 20
27.650659
 30
0.0
  0
LWPOLYLINE
  5
27e
100
AcDbEntity
  8
Layer_1
 62
7
100
AcDbPolyline
 90
6
 70
1
 10
-38.754121
 20
28.422149
 30
0.0
 10
-39.953093
 20
27.722784
 30
0.0
 10
-41.158245
 20
28.411443
 30
0.0
 10
-41.164418
 20
29.799465
 30
0.0
 10
-39.965446
 20
30.498829
 30
0.0
 10
-38.760293
 20
29.810170
 30
0.0
  0
LWPOLYLINE
  5
27f
100
AcDbEntity
  8
Layer_1
 62
7
100
AcDbPolyline
 90
6
 70
1
 10
-40.004120
 20
30.581660
 30
0.0
 10
-41.203093
 20
29.882297
 30
0.0
 10
-42.408245
 20
30.570956
 30
0.0
 10
-42.414418
 20
31.958978
 30
0.0
 10
-41.215446
 20
32.658342
 30
0.0
 10
-40.010293
 20
31.969683
 30
0.0
  0
LWPOLYLINE
  5
280
100
AcDbEntity
  8
Layer_1
 62
7
100
AcDbPolyline
 90
6
 70
1
 10
-41.254120
 20
32.741171
 30
0.0
 10
-42.453093
 20
32.041808
 30
0.0
 10
-43.658245
 20
32.730467
 30
0.0
 10
-43.664418
 20
34.118489
 30
0.0
 10
-42.465447
 20
34.817853
 30
0.0
 10
-41.260293
 20
34.129194
 30
0.0
  0
LWPOLYLINE
  5
281
100
AcDbEntity
  8
Layer_1
 62
7
100
AcDbPolyline
 90
6
 70
1
 10
-42.504120
 20
34.900684
 30
0.0
 10
-43.703093
 20
34.201319
 30
0.0
 10
-44.908247
 20
34.889978
 30
0.0
 10
-44.914420
 20
36.278002
 30
0.0
 10
-43.715447
 20
36.977364
 30
0.0
 10
-42.510293
 20
36.288705
 30
0.0
  0
LWPOLYLINE
  5
282
100
AcDbEntity
  8
Layer_1
 62
7
100
AcDbPolyline
 90
6
 70
1
 10
-43.754120
 20
37.060195
 30
0.0
 10
-44.953093
 20
36.360832
 30
0.0
 10
-46.158247
 20
37.049491
 30
0.0
 10
-46.164420
 20
38.437513
 30
0.0
 10
-44.965447
 20
39.136877
 30
0.0
 10
-43.760293
 20
38.448218
 30
0.0
  0
LWPOLYLINE
  5
283
100
AcDbEntity
  8
Layer_1
 62
7
100
AcDbPolyline
 90
6
 70
1
 10
-45.004120
 20
39.219706
 30
0.0
 10
-46.203093
 20
38.520343
 30
0.0
 10
-47.408247
 20
39.209002
 30
0.0
 10
-47.414420
 20
40.597024
 30
0.0
 10
-46.215447
 20
41.296388
 30
0.0
 10
-45.010293
 20
40.607729
 30
0.0
  0
LWPOLYLINE
  5
284
100
AcDbEntity
  8
Layer_1
 62
7
100
AcDbPolyline
 90
6
 70
1
 10
-46.254120
 20
41.379218
 30
0.0
 10
-47.453093
 20
40.679855
 30
0.0
 10
-48.658247
 20
41.368514
 30
0.0
 10
-48.664420
 20
42.756536
 30
0.0
 10
-47.465447
 20
43.455900
 30
0.0
 10
-46.260295
 20
42.767241
 30
0.0
  0
LWPOLYLINE
  5
285
100
AcDbEntity
  8
Layer_1
 62
7
100
AcDbPolyline
 90
6
 70
1
 10
-47.504120
 20
43.538731
 30
0.0
 10
-48.703093
 20
42.839367
 30
0.0
 10
-49.908245
 20
43.528026
 30
0.0
 10
-49.914418
 20
44.916048
 30
0.0
 10
-48.715445
 20
45.615412
 30
0.0
 10
-47.510293
 20
44.926753
 30
0.0
  0
LWPOLYLINE
  5
286
100
AcDbEntity
  8
Layer_1
 62
7
100
AcDbPolyline
 90
6
 70
1
 10
-48.754120
 20
45.698243
 30
0.0
 10
-49.953093
 20
44.998879
 30
0.0
 10
-51.158245
 20
45.687538
 30
0.0
 10
-51.164418
 20
47.075560
 30
0.0
 10
-49.965445
 20
47.774924
 30
0.0
 10
-48.760293
 20
47.086265
 30
0.0
  0
LWPOLYLINE
  5
287
100
AcDbEntity
  8
Layer_1
 62
7
100
AcDbPolyline
 90
6
 70
1
 10
-50.004120
 20
47.857754
 30
0.0
 10
-51.203093
 20
47.158390
 30
0.0
 10
-52.408245
 20
47.847049
 30
0.0
 10
-52.414418
 20
49.235071
 30
0.0
 10
-51.215447
 20
49.934435
 30
0.0
 10
-50.010293
 20
49.245776
 30
0.0
  0
LWPOLYLINE
  5
288
100
AcDbEntity
  8
Layer_1
 62
7
100
AcDbPolyline
 90
6
 70
1
 10
-51.254120
 20
50.017266
 30
0.0
 10
-52.453092
 20
49.317902
 30
0.0
 10
-53.658245
 20
50.006561
 30
0.0
 10
-53.664418
 20
51.394584
 30
0.0
 10
-52.465447
 20
52.093947
 30
0.0
 10
-51.260293
 20
51.405288
 30
0.0
  0
LWPOLYLINE
  5
289
100
AcDbEntity
  8
Layer_1
 62
7
100
AcDbPolyline
 90
6
 70
1
 10
-52.504120
 20
52.176778
 30
0.0
 10
-53.703092
 20
51.477414
 30
0.0
 10
-54.908246
 20
52.166073
 30
0.0
 10
-54.914419
 20
53.554096
 30
0.0
 10
-53.715447
 20
54.253459
 30
0.0
 10
-52.510293
 20
53.564801
 30
0.0
  0
LWPOLYLINE
  5
28a
100
AcDbEntity
  8
Layer_1
 62
7
100
AcDbPolyline
 90
6
 70
1
 10
-25.004121
 20
0.348494
 30
0.0
 10
-26.203094
 20
-0.350871
 30
0.0
 10
-27.408246
 20
0.337788
 30
0.0
 10
-27.414419
 20
1.725812
 30
0.0
 10
-26.215447
 20
2.425174
 30
0.0
 10
-25.010294
 20
1.736515
 30
0.0
  0
LWPOLYLINE
  5
28b
100
AcDbEntity
  8
Layer_1
 62
7
100
AcDbPolyline
 90
6
 70
1
 10
-26.254121
 20
2.508005
 30
0.0
 10
-27.453094
 20
1.808642
 30
0.0
 10
-28.658246
 20
2.497301
 30
0.0
 10
-28.664419
 20
3.885323
 30
0.0
 10
-27.465446
 20
4.584687
 30
0.0
 10
-26.260294
 20
3.896028
 30
0.0
  0
LWPOLYLINE
  5
28c
100
AcDbEntity
  8
Layer_1
 62
7
100
AcDbPolyline
 90
6
 70
1
 10
-27.504121
 20
4.667516
 30
0.0
 10
-28.703094
 20
3.968153
 30
0.0
 10
-29.908246
 20
4.656812
 30
0.0
 10
-29.914419
 20
6.044834
 30
0.0
 10
-28.715446
 20
6.744198
 30
0.0
 10
-27.510294
 20
6.055539
 30
0.0
  0
LWPOLYLINE
  5
28d
100
AcDbEntity
  8
Layer_1
 62
7
100
AcDbPolyline
 90
6
 70
1
 10
-28.754121
 20
6.827029
 30
0.0
 10
-29.953094
 20
6.127665
 30
0.0
 10
-31.158246
 20
6.816324
 30
0.0
 10
-31.164419
 20
8.204347
 30
0.0
 10
-29.965446
 20
8.903709
 30
0.0
 10
-28.760294
 20
8.215052
 30
0.0
  0
LWPOLYLINE
  5
28e
100
AcDbEntity
  8
Layer_1
 62
7
100
AcDbPolyline
 90
6
 70
1
 10
-30.004121
 20
8.986542
 30
0.0
 10
-31.203094
 20
8.287177
 30
0.0
 10
-32.408246
 20
8.975836
 30
0.0
 10
-32.414419
 20
10.363858
 30
0.0
 10
-31.215446
 20
11.063222
 30
0.0
 10
-30.010294
 20
10.374563
 30
0.0
  0
LWPOLYLINE
  5
28f
100
AcDbEntity
  8
Layer_1
 62
7
100
AcDbPolyline
 90
6
 70
1
 10
-31.254121
 20
11.146053
 30
0.0
 10
-32.453094
 20
10.446690
 30
0.0
 10
-33.658246
 20
11.135349
 30
0.0
 10
-33.664419
 20
12.523371
 30
0.0
 10
-32.465448
 20
13.222735
 30
0.0
 10
-31.260294
 20
12.534076
 30
0.0
  0
LWPOLYLINE
  5
290
100
AcDbEntity
  8
Layer_1
 62
7
100
AcDbPolyline
 90
6
 70
1
 10
-32.504121
 20
13.305566
 30
0.0
 10
-33.703094
 20
12.606201
 30
0.0
 10
-34.908248
 20
13.294860
 30
0.0
 10
-34.914420
 20
14.682884
 30
0.0
 10
-33.715448
 20
15.382246
 30
0.0
 10
-32.510294
 20
14.693587
 30
0.0
  0
LWPOLYLINE
  5
291
100
AcDbEntity
  8
Layer_1
 62
7
100
AcDbPolyline
 90
6
 70
1
 10
-33.754121
 20
15.465077
 30
0.0
 10
-34.953093
 20
14.765712
 30
0.0
 10
-36.158246
 20
15.454371
 30
0.0
 10
-36.164419
 20
16.842395
 30
0.0
 10
-34.965446
 20
17.541757
 30
0.0
 10
-33.760294
 20
16.853098
 30
0.0
  0
LWPOLYLINE
  5
292
100
AcDbEntity
  8
Layer_1
 62
7
100
AcDbPolyline
 90
6
 70
1
 10
-35.004121
 20
17.624588
 30
0.0
 10
-36.203093
 20
16.925225
 30
0.0
 10
-37.408246
 20
17.613884
 30
0.0
 10
-37.414419
 20
19.001906
 30
0.0
 10
-36.215446
 20
19.701270
 30
0.0
 10
-35.010294
 20
19.012611
 30
0.0
  0
LWPOLYLINE
  5
293
100
AcDbEntity
  8
Layer_1
 62
7
100
AcDbPolyline
 90
6
 70
1
 10
-36.254121
 20
19.784101
 30
0.0
 10
-37.453093
 20
19.084736
 30
0.0
 10
-38.658246
 20
19.773395
 30
0.0
 10
-38.664419
 20
21.161419
 30
0.0
 10
-37.465446
 20
21.860781
 30
0.0
 10
-36.260294
 20
21.172122
 30
0.0
  0
LWPOLYLINE
  5
294
100
AcDbEntity
  8
Layer_1
 62
7
100
AcDbPolyline
 90
6
 70
1
 10
-37.504121
 20
21.943612
 30
0.0
 10
-38.703093
 20
21.244249
 30
0.0
 10
-39.908246
 20
21.932908
 30
0.0
 10
-39.914418
 20
23.320930
 30
0.0
 10
-38.715446
 20
24.020294
 30
0.0
 10
-37.510294
 20
23.331635
 30
0.0
  0
LWPOLYLINE
  5
295
100
AcDbEntity
  8
Layer_1
 62
7
100
AcDbPolyline
 90
6
 70
1
 10
-38.754121
 20
24.103123
 30
0.0
 10
-39.953093
 20
23.403760
 30
0.0
 10
-41.158245
 20
24.092419
 30
0.0
 10
-41.164418
 20
25.480441
 30
0.0
 10
-39.965446
 20
26.179805
 30
0.0
 10
-38.760293
 20
25.491146
 30
0.0
  0
LWPOLYLINE
  5
296
100
AcDbEntity
  8
Layer_1
 62
7
100
AcDbPolyline
 90
6
 70
1
 10
-40.004120
 20
26.262636
 30
0.0
 10
-41.203093
 20
25.563272
 30
0.0
 10
-42.408245
 20
26.251930
 30
0.0
 10
-42.414418
 20
27.639954
 30
0.0
 10
-41.215446
 20
28.339316
 30
0.0
 10
-40.010293
 20
27.650659
 30
0.0
  0
LWPOLYLINE
  5
297
100
AcDbEntity
  8
Layer_1
 62
7
100
AcDbPolyline
 90
6
 70
1
 10
-41.254120
 20
28.422149
 30
0.0
 10
-42.453093
 20
27.722784
 30
0.0
 10
-43.658245
 20
28.411443
 30
0.0
 10
-43.664418
 20
29.799465
 30
0.0
 10
-42.465447
 20
30.498829
 30
0.0
 10
-41.260293
 20
29.810170
 30
0.0
  0
LWPOLYLINE
  5
298
100
AcDbEntity
  8
Layer_1
 62
7
100
AcDbPolyline
 90
6
 70
1
 10
-42.504120
 20
30.581660
 30
0.0
 10
-43.703093
 20
29.882297
 30
0.0
 10
-44.908247
 20
30.570956
 30
0.0
 10
-44.914420
 20
31.958978
 30
0.0
 10
-43.715447
 20
32.658342
 30
0.0
 10
-42.510293
 20
31.969683
 30
0.0
  0
LWPOLYLINE
  5
299
100
AcDbEntity
  8
Layer_1
 62
7
100
AcDbPolyline
 90
6
 70
1
 10
-43.754120
 20
32.741171
 30
0.0
 10
-44.953093
 20
32.041808
 30
0.0
 10
-46.158247
 20
32.730467
 30
0.0
 10
-46.164420
 20
34.118489
 30
0.0
 10
-44.965447
 20
34.817853
 30
0.0
 10
-43.760293
 20
34.129194
 30
0.0
  0
LWPOLYLINE
  5
29a
100
AcDbEntity
  8
Layer_1
 62
7
100
AcDbPolyline
 90
6
 70
1
 10
-45.004120
 20
34.900684
 30
0.0
 10
-46.203093
 20
34.201319
 30
0.0
 10
-47.408247
 20
34.889978
 30
0.0
 10
-47.414420
 20
36.278002
 30
0.0
 10
-46.215447
 20
36.977364
 30
0.0
 10
-45.010293
 20
36.288705
 30
0.0
  0
LWPOLYLINE
  5
29b
100
AcDbEntity
  8
Layer_1
 62
7
100
AcDbPolyline
 90
6
 70
1
 10
-46.254120
 20
37.060195
 30
0.0
 10
-47.453093
 20
36.360832
 30
0.0
 10
-48.658247
 20
37.049491
 30
0.0
 10
-48.664420
 20
38.437513
 30
0.0
 10
-47.465447
 20
39.136877
 30
0.0
 10
-46.260295
 20
38.448218
 30
0.0
  0
LWPOLYLINE
  5
29c
100
AcDbEntity
  8
Layer_1
 62
7
100
AcDbPolyline
 90
6
 70
1
 10
-47.504120
 20
39.219706
 30
0.0
 10
-48.703093
 20
38.520343
 30
0.0
 10
-49.908245
 20
39.209002
 30
0.0
 10
-49.914418
 20
40.597024
 30
0.0
 10
-48.715445
 20
41.296388
 30
0.0
 10
-47.510293
 20
40.607729
 30
0.0
  0
LWPOLYLINE
  5
29d
100
AcDbEntity
  8
Layer_1
 62
7
100
AcDbPolyline
 90
6
 70
1
 10
-48.754120
 20
41.379218
 30
0.0
 10
-49.953093
 20
40.679855
 30
0.0
 10
-51.158245
 20
41.368514
 30
0.0
 10
-51.164418
 20
42.756536
 30
0.0
 10
-49.965445
 20
43.455900
 30
0.0
 10
-48.760293
 20
42.767241
 30
0.0
  0
LWPOLYLINE
  5
29e
100
AcDbEntity
  8
Layer_1
 62
7
100
AcDbPolyline
 90
6
 70
1
 10
-50.004120
 20
43.538731
 30
0.0
 10
-51.203093
 20
42.839367
 30
0.0
 10
-52.408245
 20
43.528026
 30
0.0
 10
-52.414418
 20
44.916048
 30
0.0
 10
-51.215447
 20
45.615412
 30
0.0
 10
-50.010293
 20
44.926753
 30
0.0
  0
LWPOLYLINE
  5
29f
100
AcDbEntity
  8
Layer_1
 62
7
100
AcDbPolyline
 90
6
 70
1
 10
-51.254120
 20
45.698243
 30
0.0
 10
-52.453092
 20
44.998879
 30
0.0
 10
-53.658245
 20
45.687538
 30
0.0
 10
-53.664418
 20
47.075560
 30
0.0
 10
-52.465447
 20
47.774924
 30
0.0
 10
-51.260293
 20
47.086265
 30
0.0
  0
LWPOLYLINE
  5
2a0
100
AcDbEntity
  8
Layer_1
 62
7
100
AcDbPolyline
 90
6
 70
1
 10
-52.504120
 20
47.857754
 30
0.0
 10
-53.703092
 20
47.158390
 30
0.0
 10
-54.908246
 20
47.847049
 30
0.0
 10
-54.914419
 20
49.235071
 30
0.0
 10
-53.715447
 20
49.934435
 30
0.0
 10
-52.510293
 20
49.245776
 30
0.0
  0
LWPOLYLINE
  5
2a1
100
AcDbEntity
  8
Layer_1
 62
7
100
AcDbPolyline
 90
6
 70
1
 10
-53.754120
 20
50.017266
 30
0.0
 10
-54.953092
 20
49.317902
 30
0.0
 10
-56.158246
 20
50.006561
 30
0.0
 10
-56.164419
 20
51.394584
 30
0.0
 10
-54.965447
 20
52.093947
 30
0.0
 10
-53.760293
 20
51.405288
 30
0.0
  0
LWPOLYLINE
  5
2a2
100
AcDbEntity
  8
Layer_1
 62
7
100
AcDbPolyline
 90
6
 70
1
 10
-55.004120
 20
52.176778
 30
0.0
 10
-56.203092
 20
51.477414
 30
0.0
 10
-57.408246
 20
52.166073
 30
0.0
 10
-57.414419
 20
53.554096
 30
0.0
 10
-56.215447
 20
54.253459
 30
0.0
 10
-55.010294
 20
53.564801
 30
0.0
  0
LWPOLYLINE
  5
2a3
100
AcDbEntity
  8
Layer_1
 62
7
100
AcDbPolyline
 90
6
 70
1
 10
-27.504121
 20
0.348494
 30
0.0
 10
-28.703094
 20
-0.350871
 30
0.0
 10
-29.908246
 20
0.337788
 30
0.0
 10
-29.914419
 20
1.725812
 30
0.0
 10
-28.715446
 20
2.425174
 30
0.0
 10
-27.510294
 20
1.736515
 30
0.0
  0
LWPOLYLINE
  5
2a4
100
AcDbEntity
  8
Layer_1
 62
7
100
AcDbPolyline
 90
6
 70
1
 10
-28.754121
 20
2.508005
 30
0.0
 10
-29.953094
 20
1.808642
 30
0.0
 10
-31.158246
 20
2.497301
 30
0.0
 10
-31.164419
 20
3.885323
 30
0.0
 10
-29.965446
 20
4.584687
 30
0.0
 10
-28.760294
 20
3.896028
 30
0.0
  0
LWPOLYLINE
  5
2a5
100
AcDbEntity
  8
Layer_1
 62
7
100
AcDbPolyline
 90
6
 70
1
 10
-30.004121
 20
4.667516
 30
0.0
 10
-31.203094
 20
3.968153
 30
0.0
 10
-32.408246
 20
4.656812
 30
0.0
 10
-32.414419
 20
6.044834
 30
0.0
 10
-31.215446
 20
6.744198
 30
0.0
 10
-30.010294
 20
6.055539
 30
0.0
  0
LWPOLYLINE
  5
2a6
100
AcDbEntity
  8
Layer_1
 62
7
100
AcDbPolyline
 90
6
 70
1
 10
-31.254121
 20
6.827029
 30
0.0
 10
-32.453094
 20
6.127665
 30
0.0
 10
-33.658246
 20
6.816324
 30
0.0
 10
-33.664419
 20
8.204347
 30
0.0
 10
-32.465448
 20
8.903709
 30
0.0
 10
-31.260294
 20
8.215052
 30
0.0
  0
LWPOLYLINE
  5
2a7
100
AcDbEntity
  8
Layer_1
 62
7
100
AcDbPolyline
 90
6
 70
1
 10
-32.504121
 20
8.986542
 30
0.0
 10
-33.703094
 20
8.287177
 30
0.0
 10
-34.908248
 20
8.975836
 30
0.0
 10
-34.914420
 20
10.363858
 30
0.0
 10
-33.715448
 20
11.063222
 30
0.0
 10
-32.510294
 20
10.374563
 30
0.0
  0
LWPOLYLINE
  5
2a8
100
AcDbEntity
  8
Layer_1
 62
7
100
AcDbPolyline
 90
6
 70
1
 10
-33.754121
 20
11.146053
 30
0.0
 10
-34.953093
 20
10.446690
 30
0.0
 10
-36.158246
 20
11.135349
 30
0.0
 10
-36.164419
 20
12.523371
 30
0.0
 10
-34.965446
 20
13.222735
 30
0.0
 10
-33.760294
 20
12.534076
 30
0.0
  0
LWPOLYLINE
  5
2a9
100
AcDbEntity
  8
Layer_1
 62
7
100
AcDbPolyline
 90
6
 70
1
 10
-35.004121
 20
13.305566
 30
0.0
 10
-36.203093
 20
12.606201
 30
0.0
 10
-37.408246
 20
13.294860
 30
0.0
 10
-37.414419
 20
14.682884
 30
0.0
 10
-36.215446
 20
15.382246
 30
0.0
 10
-35.010294
 20
14.693587
 30
0.0
  0
LWPOLYLINE
  5
2aa
100
AcDbEntity
  8
Layer_1
 62
7
100
AcDbPolyline
 90
6
 70
1
 10
-36.254121
 20
15.465077
 30
0.0
 10
-37.453093
 20
14.765712
 30
0.0
 10
-38.658246
 20
15.454371
 30
0.0
 10
-38.664419
 20
16.842395
 30
0.0
 10
-37.465446
 20
17.541757
 30
0.0
 10
-36.260294
 20
16.853098
 30
0.0
  0
LWPOLYLINE
  5
2ab
100
AcDbEntity
  8
Layer_1
 62
7
100
AcDbPolyline
 90
6
 70
1
 10
-37.504121
 20
17.624588
 30
0.0
 10
-38.703093
 20
16.925225
 30
0.0
 10
-39.908246
 20
17.613884
 30
0.0
 10
-39.914418
 20
19.001906
 30
0.0
 10
-38.715446
 20
19.701270
 30
0.0
 10
-37.510294
 20
19.012611
 30
0.0
  0
LWPOLYLINE
  5
2ac
100
AcDbEntity
  8
Layer_1
 62
7
100
AcDbPolyline
 90
6
 70
1
 10
-38.754121
 20
19.784101
 30
0.0
 10
-39.953093
 20
19.084736
 30
0.0
 10
-41.158245
 20
19.773395
 30
0.0
 10
-41.164418
 20
21.161419
 30
0.0
 10
-39.965446
 20
21.860781
 30
0.0
 10
-38.760293
 20
21.172122
 30
0.0
  0
LWPOLYLINE
  5
2ad
100
AcDbEntity
  8
Layer_1
 62
7
100
AcDbPolyline
 90
6
 70
1
 10
-40.004120
 20
21.943612
 30
0.0
 10
-41.203093
 20
21.244249
 30
0.0
 10
-42.408245
 20
21.932908
 30
0.0
 10
-42.414418
 20
23.320930
 30
0.0
 10
-41.215446
 20
24.020294
 30
0.0
 10
-40.010293
 20
23.331635
 30
0.0
  0
LWPOLYLINE
  5
2ae
100
AcDbEntity
  8
Layer_1
 62
7
100
AcDbPolyline
 90
6
 70
1
 10
-41.254120
 20
24.103123
 30
0.0
 10
-42.453093
 20
23.403760
 30
0.0
 10
-43.658245
 20
24.092419
 30
0.0
 10
-43.664418
 20
25.480441
 30
0.0
 10
-42.465447
 20
26.179805
 30
0.0
 10
-41.260293
 20
25.491146
 30
0.0
  0
LWPOLYLINE
  5
2af
100
AcDbEntity
  8
Layer_1
 62
7
100
AcDbPolyline
 90
6
 70
1
 10
-42.504120
 20
26.262636
 30
0.0
 10
-43.703093
 20
25.563272
 30
0.0
 10
-44.908247
 20
26.251930
 30
0.0
 10
-44.914420
 20
27.639954
 30
0.0
 10
-43.715447
 20
28.339316
 30
0.0
 10
-42.510293
 20
27.650659
 30
0.0
  0
LWPOLYLINE
  5
2b0
100
AcDbEntity
  8
Layer_1
 62
7
100
AcDbPolyline
 90
6
 70
1
 10
-43.754120
 20
28.422149
 30
0.0
 10
-44.953093
 20
27.722784
 30
0.0
 10
-46.158247
 20
28.411443
 30
0.0
 10
-46.164420
 20
29.799465
 30
0.0
 10
-44.965447
 20
30.498829
 30
0.0
 10
-43.760293
 20
29.810170
 30
0.0
  0
LWPOLYLINE
  5
2b1
100
AcDbEntity
  8
Layer_1
 62
7
100
AcDbPolyline
 90
6
 70
1
 10
-45.004120
 20
30.581660
 30
0.0
 10
-46.203093
 20
29.882297
 30
0.0
 10
-47.408247
 20
30.570956
 30
0.0
 10
-47.414420
 20
31.958978
 30
0.0
 10
-46.215447
 20
32.658342
 30
0.0
 10
-45.010293
 20
31.969683
 30
0.0
  0
LWPOLYLINE
  5
2b2
100
AcDbEntity
  8
Layer_1
 62
7
100
AcDbPolyline
 90
6
 70
1
 10
-46.254120
 20
32.741171
 30
0.0
 10
-47.453093
 20
32.041808
 30
0.0
 10
-48.658247
 20
32.730467
 30
0.0
 10
-48.664420
 20
34.118489
 30
0.0
 10
-47.465447
 20
34.817853
 30
0.0
 10
-46.260295
 20
34.129194
 30
0.0
  0
LWPOLYLINE
  5
2b3
100
AcDbEntity
  8
Layer_1
 62
7
100
AcDbPolyline
 90
6
 70
1
 10
-47.504120
 20
34.900684
 30
0.0
 10
-48.703093
 20
34.201319
 30
0.0
 10
-49.908245
 20
34.889978
 30
0.0
 10
-49.914418
 20
36.278002
 30
0.0
 10
-48.715445
 20
36.977364
 30
0.0
 10
-47.510293
 20
36.288705
 30
0.0
  0
LWPOLYLINE
  5
2b4
100
AcDbEntity
  8
Layer_1
 62
7
100
AcDbPolyline
 90
6
 70
1
 10
-48.754120
 20
37.060195
 30
0.0
 10
-49.953093
 20
36.360832
 30
0.0
 10
-51.158245
 20
37.049491
 30
0.0
 10
-51.164418
 20
38.437513
 30
0.0
 10
-49.965445
 20
39.136877
 30
0.0
 10
-48.760293
 20
38.448218
 30
0.0
  0
LWPOLYLINE
  5
2b5
100
AcDbEntity
  8
Layer_1
 62
7
100
AcDbPolyline
 90
6
 70
1
 10
-50.004120
 20
39.219706
 30
0.0
 10
-51.203093
 20
38.520343
 30
0.0
 10
-52.408245
 20
39.209002
 30
0.0
 10
-52.414418
 20
40.597024
 30
0.0
 10
-51.215447
 20
41.296388
 30
0.0
 10
-50.010293
 20
40.607729
 30
0.0
  0
LWPOLYLINE
  5
2b6
100
AcDbEntity
  8
Layer_1
 62
7
100
AcDbPolyline
 90
6
 70
1
 10
-51.254120
 20
41.379218
 30
0.0
 10
-52.453092
 20
40.679855
 30
0.0
 10
-53.658245
 20
41.368514
 30
0.0
 10
-53.664418
 20
42.756536
 30
0.0
 10
-52.465447
 20
43.455900
 30
0.0
 10
-51.260293
 20
42.767241
 30
0.0
  0
LWPOLYLINE
  5
2b7
100
AcDbEntity
  8
Layer_1
 62
7
100
AcDbPolyline
 90
6
 70
1
 10
-52.504120
 20
43.538731
 30
0.0
 10
-53.703092
 20
42.839367
 30
0.0
 10
-54.908246
 20
43.528026
 30
0.0
 10
-54.914419
 20
44.916048
 30
0.0
 10
-53.715447
 20
45.615412
 30
0.0
 10
-52.510293
 20
44.926753
 30
0.0
  0
LWPOLYLINE
  5
2b8
100
AcDbEntity
  8
Layer_1
 62
7
100
AcDbPolyline
 90
6
 70
1
 10
-53.754120
 20
45.698243
 30
0.0
 10
-54.953092
 20
44.998879
 30
0.0
 10
-56.158246
 20
45.687538
 30
0.0
 10
-56.164419
 20
47.075560
 30
0.0
 10
-54.965447
 20
47.774924
 30
0.0
 10
-53.760293
 20
47.086265
 30
0.0
  0
LWPOLYLINE
  5
2b9
100
AcDbEntity
  8
Layer_1
 62
7
100
AcDbPolyline
 90
6
 70
1
 10
-55.004120
 20
47.857754
 30
0.0
 10
-56.203092
 20
47.158390
 30
0.0
 10
-57.408246
 20
47.847049
 30
0.0
 10
-57.414419
 20
49.235071
 30
0.0
 10
-56.215447
 20
49.934435
 30
0.0
 10
-55.010294
 20
49.245776
 30
0.0
  0
LWPOLYLINE
  5
2ba
100
AcDbEntity
  8
Layer_1
 62
7
100
AcDbPolyline
 90
6
 70
1
 10
-56.254120
 20
50.017266
 30
0.0
 10
-57.453092
 20
49.317902
 30
0.0
 10
-58.658246
 20
50.006561
 30
0.0
 10
-58.664419
 20
51.394584
 30
0.0
 10
-57.465446
 20
52.093947
 30
0.0
 10
-56.260294
 20
51.405288
 30
0.0
  0
LWPOLYLINE
  5
2bb
100
AcDbEntity
  8
Layer_1
 62
7
100
AcDbPolyline
 90
6
 70
1
 10
-57.504121
 20
52.176778
 30
0.0
 10
-58.703092
 20
51.477414
 30
0.0
 10
-59.908246
 20
52.166073
 30
0.0
 10
-59.914419
 20
53.554096
 30
0.0
 10
-58.715446
 20
54.253459
 30
0.0
 10
-57.510294
 20
53.564801
 30
0.0
  0
LWPOLYLINE
  5
2bc
100
AcDbEntity
  8
Layer_1
 62
7
100
AcDbPolyline
 90
6
 70
1
 10
-30.004121
 20
0.348494
 30
0.0
 10
-31.203094
 20
-0.350871
 30
0.0
 10
-32.408246
 20
0.337788
 30
0.0
 10
-32.414419
 20
1.725812
 30
0.0
 10
-31.215446
 20
2.425174
 30
0.0
 10
-30.010294
 20
1.736515
 30
0.0
  0
LWPOLYLINE
  5
2bd
100
AcDbEntity
  8
Layer_1
 62
7
100
AcDbPolyline
 90
6
 70
1
 10
-31.254121
 20
2.508005
 30
0.0
 10
-32.453094
 20
1.808642
 30
0.0
 10
-33.658246
 20
2.497301
 30
0.0
 10
-33.664419
 20
3.885323
 30
0.0
 10
-32.465448
 20
4.584687
 30
0.0
 10
-31.260294
 20
3.896028
 30
0.0
  0
LWPOLYLINE
  5
2be
100
AcDbEntity
  8
Layer_1
 62
7
100
AcDbPolyline
 90
6
 70
1
 10
-32.504121
 20
4.667516
 30
0.0
 10
-33.703094
 20
3.968153
 30
0.0
 10
-34.908248
 20
4.656812
 30
0.0
 10
-34.914420
 20
6.044834
 30
0.0
 10
-33.715448
 20
6.744198
 30
0.0
 10
-32.510294
 20
6.055539
 30
0.0
  0
LWPOLYLINE
  5
2bf
100
AcDbEntity
  8
Layer_1
 62
7
100
AcDbPolyline
 90
6
 70
1
 10
-33.754121
 20
6.827029
 30
0.0
 10
-34.953093
 20
6.127665
 30
0.0
 10
-36.158246
 20
6.816324
 30
0.0
 10
-36.164419
 20
8.204347
 30
0.0
 10
-34.965446
 20
8.903709
 30
0.0
 10
-33.760294
 20
8.215052
 30
0.0
  0
LWPOLYLINE
  5
2c0
100
AcDbEntity
  8
Layer_1
 62
7
100
AcDbPolyline
 90
6
 70
1
 10
-35.004121
 20
8.986542
 30
0.0
 10
-36.203093
 20
8.287177
 30
0.0
 10
-37.408246
 20
8.975836
 30
0.0
 10
-37.414419
 20
10.363858
 30
0.0
 10
-36.215446
 20
11.063222
 30
0.0
 10
-35.010294
 20
10.374563
 30
0.0
  0
LWPOLYLINE
  5
2c1
100
AcDbEntity
  8
Layer_1
 62
7
100
AcDbPolyline
 90
6
 70
1
 10
-36.254121
 20
11.146053
 30
0.0
 10
-37.453093
 20
10.446690
 30
0.0
 10
-38.658246
 20
11.135349
 30
0.0
 10
-38.664419
 20
12.523371
 30
0.0
 10
-37.465446
 20
13.222735
 30
0.0
 10
-36.260294
 20
12.534076
 30
0.0
  0
LWPOLYLINE
  5
2c2
100
AcDbEntity
  8
Layer_1
 62
7
100
AcDbPolyline
 90
6
 70
1
 10
-37.504121
 20
13.305566
 30
0.0
 10
-38.703093
 20
12.606201
 30
0.0
 10
-39.908246
 20
13.294860
 30
0.0
 10
-39.914418
 20
14.682884
 30
0.0
 10
-38.715446
 20
15.382246
 30
0.0
 10
-37.510294
 20
14.693587
 30
0.0
  0
LWPOLYLINE
  5
2c3
100
AcDbEntity
  8
Layer_1
 62
7
100
AcDbPolyline
 90
6
 70
1
 10
-38.754121
 20
15.465077
 30
0.0
 10
-39.953093
 20
14.765712
 30
0.0
 10
-41.158245
 20
15.454371
 30
0.0
 10
-41.164418
 20
16.842395
 30
0.0
 10
-39.965446
 20
17.541757
 30
0.0
 10
-38.760293
 20
16.853098
 30
0.0
  0
LWPOLYLINE
  5
2c4
100
AcDbEntity
  8
Layer_1
 62
7
100
AcDbPolyline
 90
6
 70
1
 10
-40.004120
 20
17.624588
 30
0.0
 10
-41.203093
 20
16.925225
 30
0.0
 10
-42.408245
 20
17.613884
 30
0.0
 10
-42.414418
 20
19.001906
 30
0.0
 10
-41.215446
 20
19.701270
 30
0.0
 10
-40.010293
 20
19.012611
 30
0.0
  0
LWPOLYLINE
  5
2c5
100
AcDbEntity
  8
Layer_1
 62
7
100
AcDbPolyline
 90
6
 70
1
 10
-41.254120
 20
19.784101
 30
0.0
 10
-42.453093
 20
19.084736
 30
0.0
 10
-43.658245
 20
19.773395
 30
0.0
 10
-43.664418
 20
21.161419
 30
0.0
 10
-42.465447
 20
21.860781
 30
0.0
 10
-41.260293
 20
21.172122
 30
0.0
  0
LWPOLYLINE
  5
2c6
100
AcDbEntity
  8
Layer_1
 62
7
100
AcDbPolyline
 90
6
 70
1
 10
-42.504120
 20
21.943612
 30
0.0
 10
-43.703093
 20
21.244249
 30
0.0
 10
-44.908247
 20
21.932908
 30
0.0
 10
-44.914420
 20
23.320930
 30
0.0
 10
-43.715447
 20
24.020294
 30
0.0
 10
-42.510293
 20
23.331635
 30
0.0
  0
LWPOLYLINE
  5
2c7
100
AcDbEntity
  8
Layer_1
 62
7
100
AcDbPolyline
 90
6
 70
1
 10
-43.754120
 20
24.103123
 30
0.0
 10
-44.953093
 20
23.403760
 30
0.0
 10
-46.158247
 20
24.092419
 30
0.0
 10
-46.164420
 20
25.480441
 30
0.0
 10
-44.965447
 20
26.179805
 30
0.0
 10
-43.760293
 20
25.491146
 30
0.0
  0
LWPOLYLINE
  5
2c8
100
AcDbEntity
  8
Layer_1
 62
7
100
AcDbPolyline
 90
6
 70
1
 10
-45.004120
 20
26.262636
 30
0.0
 10
-46.203093
 20
25.563272
 30
0.0
 10
-47.408247
 20
26.251930
 30
0.0
 10
-47.414420
 20
27.639954
 30
0.0
 10
-46.215447
 20
28.339316
 30
0.0
 10
-45.010293
 20
27.650659
 30
0.0
  0
LWPOLYLINE
  5
2c9
100
AcDbEntity
  8
Layer_1
 62
7
100
AcDbPolyline
 90
6
 70
1
 10
-46.254120
 20
28.422149
 30
0.0
 10
-47.453093
 20
27.722784
 30
0.0
 10
-48.658247
 20
28.411443
 30
0.0
 10
-48.664420
 20
29.799465
 30
0.0
 10
-47.465447
 20
30.498829
 30
0.0
 10
-46.260295
 20
29.810170
 30
0.0
  0
LWPOLYLINE
  5
2ca
100
AcDbEntity
  8
Layer_1
 62
7
100
AcDbPolyline
 90
6
 70
1
 10
-47.504120
 20
30.581660
 30
0.0
 10
-48.703093
 20
29.882297
 30
0.0
 10
-49.908245
 20
30.570956
 30
0.0
 10
-49.914418
 20
31.958978
 30
0.0
 10
-48.715445
 20
32.658342
 30
0.0
 10
-47.510293
 20
31.969683
 30
0.0
  0
LWPOLYLINE
  5
2cb
100
AcDbEntity
  8
Layer_1
 62
7
100
AcDbPolyline
 90
6
 70
1
 10
-48.754120
 20
32.741171
 30
0.0
 10
-49.953093
 20
32.041808
 30
0.0
 10
-51.158245
 20
32.730467
 30
0.0
 10
-51.164418
 20
34.118489
 30
0.0
 10
-49.965445
 20
34.817853
 30
0.0
 10
-48.760293
 20
34.129194
 30
0.0
  0
LWPOLYLINE
  5
2cc
100
AcDbEntity
  8
Layer_1
 62
7
100
AcDbPolyline
 90
6
 70
1
 10
-50.004120
 20
34.900684
 30
0.0
 10
-51.203093
 20
34.201319
 30
0.0
 10
-52.408245
 20
34.889978
 30
0.0
 10
-52.414418
 20
36.278002
 30
0.0
 10
-51.215447
 20
36.977364
 30
0.0
 10
-50.010293
 20
36.288705
 30
0.0
  0
LWPOLYLINE
  5
2cd
100
AcDbEntity
  8
Layer_1
 62
7
100
AcDbPolyline
 90
6
 70
1
 10
-51.254120
 20
37.060195
 30
0.0
 10
-52.453092
 20
36.360832
 30
0.0
 10
-53.658245
 20
37.049491
 30
0.0
 10
-53.664418
 20
38.437513
 30
0.0
 10
-52.465447
 20
39.136877
 30
0.0
 10
-51.260293
 20
38.448218
 30
0.0
  0
LWPOLYLINE
  5
2ce
100
AcDbEntity
  8
Layer_1
 62
7
100
AcDbPolyline
 90
6
 70
1
 10
-52.504120
 20
39.219706
 30
0.0
 10
-53.703092
 20
38.520343
 30
0.0
 10
-54.908246
 20
39.209002
 30
0.0
 10
-54.914419
 20
40.597024
 30
0.0
 10
-53.715447
 20
41.296388
 30
0.0
 10
-52.510293
 20
40.607729
 30
0.0
  0
LWPOLYLINE
  5
2cf
100
AcDbEntity
  8
Layer_1
 62
7
100
AcDbPolyline
 90
6
 70
1
 10
-53.754120
 20
41.379218
 30
0.0
 10
-54.953092
 20
40.679855
 30
0.0
 10
-56.158246
 20
41.368514
 30
0.0
 10
-56.164419
 20
42.756536
 30
0.0
 10
-54.965447
 20
43.455900
 30
0.0
 10
-53.760293
 20
42.767241
 30
0.0
  0
LWPOLYLINE
  5
2d0
100
AcDbEntity
  8
Layer_1
 62
7
100
AcDbPolyline
 90
6
 70
1
 10
-55.004120
 20
43.538731
 30
0.0
 10
-56.203092
 20
42.839367
 30
0.0
 10
-57.408246
 20
43.528026
 30
0.0
 10
-57.414419
 20
44.916048
 30
0.0
 10
-56.215447
 20
45.615412
 30
0.0
 10
-55.010294
 20
44.926753
 30
0.0
  0
LWPOLYLINE
  5
2d1
100
AcDbEntity
  8
Layer_1
 62
7
100
AcDbPolyline
 90
6
 70
1
 10
-56.254120
 20
45.698243
 30
0.0
 10
-57.453092
 20
44.998879
 30
0.0
 10
-58.658246
 20
45.687538
 30
0.0
 10
-58.664419
 20
47.075560
 30
0.0
 10
-57.465446
 20
47.774924
 30
0.0
 10
-56.260294
 20
47.086265
 30
0.0
  0
LWPOLYLINE
  5
2d2
100
AcDbEntity
  8
Layer_1
 62
7
100
AcDbPolyline
 90
6
 70
1
 10
-57.504121
 20
47.857754
 30
0.0
 10
-58.703092
 20
47.158390
 30
0.0
 10
-59.908246
 20
47.847049
 30
0.0
 10
-59.914419
 20
49.235071
 30
0.0
 10
-58.715446
 20
49.934435
 30
0.0
 10
-57.510294
 20
49.245776
 30
0.0
  0
LWPOLYLINE
  5
2d3
100
AcDbEntity
  8
Layer_1
 62
7
100
AcDbPolyline
 90
6
 70
1
 10
-58.754121
 20
50.017266
 30
0.0
 10
-59.953094
 20
49.317902
 30
0.0
 10
-61.158246
 20
50.006561
 30
0.0
 10
-61.164419
 20
51.394584
 30
0.0
 10
-59.965446
 20
52.093947
 30
0.0
 10
-58.760294
 20
51.405288
 30
0.0
  0
LWPOLYLINE
  5
2d4
100
AcDbEntity
  8
Layer_1
 62
7
100
AcDbPolyline
 90
6
 70
1
 10
-60.004119
 20
52.176778
 30
0.0
 10
-61.203092
 20
51.477414
 30
0.0
 10
-62.408244
 20
52.166073
 30
0.0
 10
-62.414417
 20
53.554096
 30
0.0
 10
-61.215446
 20
54.253459
 30
0.0
 10
-60.010292
 20
53.564801
 30
0.0
  0
LWPOLYLINE
  5
2d5
100
AcDbEntity
  8
Layer_1
 62
7
100
AcDbPolyline
 90
6
 70
1
 10
-32.504121
 20
0.348494
 30
0.0
 10
-33.703094
 20
-0.350871
 30
0.0
 10
-34.908248
 20
0.337788
 30
0.0
 10
-34.914420
 20
1.725812
 30
0.0
 10
-33.715448
 20
2.425174
 30
0.0
 10
-32.510294
 20
1.736515
 30
0.0
  0
LWPOLYLINE
  5
2d6
100
AcDbEntity
  8
Layer_1
 62
7
100
AcDbPolyline
 90
6
 70
1
 10
-33.754121
 20
2.508005
 30
0.0
 10
-34.953093
 20
1.808642
 30
0.0
 10
-36.158246
 20
2.497301
 30
0.0
 10
-36.164419
 20
3.885323
 30
0.0
 10
-34.965446
 20
4.584687
 30
0.0
 10
-33.760294
 20
3.896028
 30
0.0
  0
LWPOLYLINE
  5
2d7
100
AcDbEntity
  8
Layer_1
 62
7
100
AcDbPolyline
 90
6
 70
1
 10
-35.004121
 20
4.667516
 30
0.0
 10
-36.203093
 20
3.968153
 30
0.0
 10
-37.408246
 20
4.656812
 30
0.0
 10
-37.414419
 20
6.044834
 30
0.0
 10
-36.215446
 20
6.744198
 30
0.0
 10
-35.010294
 20
6.055539
 30
0.0
  0
LWPOLYLINE
  5
2d8
100
AcDbEntity
  8
Layer_1
 62
7
100
AcDbPolyline
 90
6
 70
1
 10
-36.254121
 20
6.827029
 30
0.0
 10
-37.453093
 20
6.127665
 30
0.0
 10
-38.658246
 20
6.816324
 30
0.0
 10
-38.664419
 20
8.204347
 30
0.0
 10
-37.465446
 20
8.903709
 30
0.0
 10
-36.260294
 20
8.215052
 30
0.0
  0
LWPOLYLINE
  5
2d9
100
AcDbEntity
  8
Layer_1
 62
7
100
AcDbPolyline
 90
6
 70
1
 10
-37.504121
 20
8.986542
 30
0.0
 10
-38.703093
 20
8.287177
 30
0.0
 10
-39.908246
 20
8.975836
 30
0.0
 10
-39.914418
 20
10.363858
 30
0.0
 10
-38.715446
 20
11.063222
 30
0.0
 10
-37.510294
 20
10.374563
 30
0.0
  0
LWPOLYLINE
  5
2da
100
AcDbEntity
  8
Layer_1
 62
7
100
AcDbPolyline
 90
6
 70
1
 10
-38.754121
 20
11.146053
 30
0.0
 10
-39.953093
 20
10.446690
 30
0.0
 10
-41.158245
 20
11.135349
 30
0.0
 10
-41.164418
 20
12.523371
 30
0.0
 10
-39.965446
 20
13.222735
 30
0.0
 10
-38.760293
 20
12.534076
 30
0.0
  0
LWPOLYLINE
  5
2db
100
AcDbEntity
  8
Layer_1
 62
7
100
AcDbPolyline
 90
6
 70
1
 10
-40.004120
 20
13.305566
 30
0.0
 10
-41.203093
 20
12.606201
 30
0.0
 10
-42.408245
 20
13.294860
 30
0.0
 10
-42.414418
 20
14.682884
 30
0.0
 10
-41.215446
 20
15.382246
 30
0.0
 10
-40.010293
 20
14.693587
 30
0.0
  0
LWPOLYLINE
  5
2dc
100
AcDbEntity
  8
Layer_1
 62
7
100
AcDbPolyline
 90
6
 70
1
 10
-41.254120
 20
15.465077
 30
0.0
 10
-42.453093
 20
14.765712
 30
0.0
 10
-43.658245
 20
15.454371
 30
0.0
 10
-43.664418
 20
16.842395
 30
0.0
 10
-42.465447
 20
17.541757
 30
0.0
 10
-41.260293
 20
16.853098
 30
0.0
  0
LWPOLYLINE
  5
2dd
100
AcDbEntity
  8
Layer_1
 62
7
100
AcDbPolyline
 90
6
 70
1
 10
-42.504120
 20
17.624588
 30
0.0
 10
-43.703093
 20
16.925225
 30
0.0
 10
-44.908247
 20
17.613884
 30
0.0
 10
-44.914420
 20
19.001906
 30
0.0
 10
-43.715447
 20
19.701270
 30
0.0
 10
-42.510293
 20
19.012611
 30
0.0
  0
LWPOLYLINE
  5
2de
100
AcDbEntity
  8
Layer_1
 62
7
100
AcDbPolyline
 90
6
 70
1
 10
-43.754120
 20
19.784101
 30
0.0
 10
-44.953093
 20
19.084736
 30
0.0
 10
-46.158247
 20
19.773395
 30
0.0
 10
-46.164420
 20
21.161419
 30
0.0
 10
-44.965447
 20
21.860781
 30
0.0
 10
-43.760293
 20
21.172122
 30
0.0
  0
LWPOLYLINE
  5
2df
100
AcDbEntity
  8
Layer_1
 62
7
100
AcDbPolyline
 90
6
 70
1
 10
-45.004120
 20
21.943612
 30
0.0
 10
-46.203093
 20
21.244249
 30
0.0
 10
-47.408247
 20
21.932908
 30
0.0
 10
-47.414420
 20
23.320930
 30
0.0
 10
-46.215447
 20
24.020294
 30
0.0
 10
-45.010293
 20
23.331635
 30
0.0
  0
LWPOLYLINE
  5
2e0
100
AcDbEntity
  8
Layer_1
 62
7
100
AcDbPolyline
 90
6
 70
1
 10
-46.254120
 20
24.103123
 30
0.0
 10
-47.453093
 20
23.403760
 30
0.0
 10
-48.658247
 20
24.092419
 30
0.0
 10
-48.664420
 20
25.480441
 30
0.0
 10
-47.465447
 20
26.179805
 30
0.0
 10
-46.260295
 20
25.491146
 30
0.0
  0
LWPOLYLINE
  5
2e1
100
AcDbEntity
  8
Layer_1
 62
7
100
AcDbPolyline
 90
6
 70
1
 10
-47.504120
 20
26.262636
 30
0.0
 10
-48.703093
 20
25.563272
 30
0.0
 10
-49.908245
 20
26.251930
 30
0.0
 10
-49.914418
 20
27.639954
 30
0.0
 10
-48.715445
 20
28.339316
 30
0.0
 10
-47.510293
 20
27.650659
 30
0.0
  0
LWPOLYLINE
  5
2e2
100
AcDbEntity
  8
Layer_1
 62
7
100
AcDbPolyline
 90
6
 70
1
 10
-48.754120
 20
28.422149
 30
0.0
 10
-49.953093
 20
27.722784
 30
0.0
 10
-51.158245
 20
28.411443
 30
0.0
 10
-51.164418
 20
29.799465
 30
0.0
 10
-49.965445
 20
30.498829
 30
0.0
 10
-48.760293
 20
29.810170
 30
0.0
  0
LWPOLYLINE
  5
2e3
100
AcDbEntity
  8
Layer_1
 62
7
100
AcDbPolyline
 90
6
 70
1
 10
-50.004120
 20
30.581660
 30
0.0
 10
-51.203093
 20
29.882297
 30
0.0
 10
-52.408245
 20
30.570956
 30
0.0
 10
-52.414418
 20
31.958978
 30
0.0
 10
-51.215447
 20
32.658342
 30
0.0
 10
-50.010293
 20
31.969683
 30
0.0
  0
LWPOLYLINE
  5
2e4
100
AcDbEntity
  8
Layer_1
 62
7
100
AcDbPolyline
 90
6
 70
1
 10
-51.254120
 20
32.741171
 30
0.0
 10
-52.453092
 20
32.041808
 30
0.0
 10
-53.658245
 20
32.730467
 30
0.0
 10
-53.664418
 20
34.118489
 30
0.0
 10
-52.465447
 20
34.817853
 30
0.0
 10
-51.260293
 20
34.129194
 30
0.0
  0
LWPOLYLINE
  5
2e5
100
AcDbEntity
  8
Layer_1
 62
7
100
AcDbPolyline
 90
6
 70
1
 10
-52.504120
 20
34.900684
 30
0.0
 10
-53.703092
 20
34.201319
 30
0.0
 10
-54.908246
 20
34.889978
 30
0.0
 10
-54.914419
 20
36.278002
 30
0.0
 10
-53.715447
 20
36.977364
 30
0.0
 10
-52.510293
 20
36.288705
 30
0.0
  0
LWPOLYLINE
  5
2e6
100
AcDbEntity
  8
Layer_1
 62
7
100
AcDbPolyline
 90
6
 70
1
 10
-53.754120
 20
37.060195
 30
0.0
 10
-54.953092
 20
36.360832
 30
0.0
 10
-56.158246
 20
37.049491
 30
0.0
 10
-56.164419
 20
38.437513
 30
0.0
 10
-54.965447
 20
39.136877
 30
0.0
 10
-53.760293
 20
38.448218
 30
0.0
  0
LWPOLYLINE
  5
2e7
100
AcDbEntity
  8
Layer_1
 62
7
100
AcDbPolyline
 90
6
 70
1
 10
-55.004120
 20
39.219706
 30
0.0
 10
-56.203092
 20
38.520343
 30
0.0
 10
-57.408246
 20
39.209002
 30
0.0
 10
-57.414419
 20
40.597024
 30
0.0
 10
-56.215447
 20
41.296388
 30
0.0
 10
-55.010294
 20
40.607729
 30
0.0
  0
LWPOLYLINE
  5
2e8
100
AcDbEntity
  8
Layer_1
 62
7
100
AcDbPolyline
 90
6
 70
1
 10
-56.254120
 20
41.379218
 30
0.0
 10
-57.453092
 20
40.679855
 30
0.0
 10
-58.658246
 20
41.368514
 30
0.0
 10
-58.664419
 20
42.756536
 30
0.0
 10
-57.465446
 20
43.455900
 30
0.0
 10
-56.260294
 20
42.767241
 30
0.0
  0
LWPOLYLINE
  5
2e9
100
AcDbEntity
  8
Layer_1
 62
7
100
AcDbPolyline
 90
6
 70
1
 10
-57.504121
 20
43.538731
 30
0.0
 10
-58.703092
 20
42.839367
 30
0.0
 10
-59.908246
 20
43.528026
 30
0.0
 10
-59.914419
 20
44.916048
 30
0.0
 10
-58.715446
 20
45.615412
 30
0.0
 10
-57.510294
 20
44.926753
 30
0.0
  0
LWPOLYLINE
  5
2ea
100
AcDbEntity
  8
Layer_1
 62
7
100
AcDbPolyline
 90
6
 70
1
 10
-58.754121
 20
45.698243
 30
0.0
 10
-59.953094
 20
44.998879
 30
0.0
 10
-61.158246
 20
45.687538
 30
0.0
 10
-61.164419
 20
47.075560
 30
0.0
 10
-59.965446
 20
47.774924
 30
0.0
 10
-58.760294
 20
47.086265
 30
0.0
  0
LWPOLYLINE
  5
2eb
100
AcDbEntity
  8
Layer_1
 62
7
100
AcDbPolyline
 90
6
 70
1
 10
-60.004119
 20
47.857754
 30
0.0
 10
-61.203092
 20
47.158390
 30
0.0
 10
-62.408244
 20
47.847049
 30
0.0
 10
-62.414417
 20
49.235071
 30
0.0
 10
-61.215446
 20
49.934435
 30
0.0
 10
-60.010292
 20
49.245776
 30
0.0
  0
LWPOLYLINE
  5
2ec
100
AcDbEntity
  8
Layer_1
 62
7
100
AcDbPolyline
 90
6
 70
1
 10
-61.254119
 20
50.017266
 30
0.0
 10
-62.453092
 20
49.317902
 30
0.0
 10
-63.658246
 20
50.006561
 30
0.0
 10
-63.664419
 20
51.394584
 30
0.0
 10
-62.465446
 20
52.093947
 30
0.0
 10
-61.260292
 20
51.405288
 30
0.0
  0
LWPOLYLINE
  5
2ed
100
AcDbEntity
  8
Layer_1
 62
7
100
AcDbPolyline
 90
6
 70
1
 10
-62.504119
 20
52.176778
 30
0.0
 10
-63.703092
 20
51.477414
 30
0.0
 10
-64.908246
 20
52.166073
 30
0.0
 10
-64.914419
 20
53.554096
 30
0.0
 10
-63.715446
 20
54.253459
 30
0.0
 10
-62.510292
 20
53.564801
 30
0.0
  0
LWPOLYLINE
  5
2ee
100
AcDbEntity
  8
Layer_1
 62
7
100
AcDbPolyline
 90
6
 70
1
 10
-35.004121
 20
0.348494
 30
0.0
 10
-36.203093
 20
-0.350871
 30
0.0
 10
-37.408246
 20
0.337788
 30
0.0
 10
-37.414419
 20
1.725812
 30
0.0
 10
-36.215446
 20
2.425174
 30
0.0
 10
-35.010294
 20
1.736515
 30
0.0
  0
LWPOLYLINE
  5
2ef
100
AcDbEntity
  8
Layer_1
 62
7
100
AcDbPolyline
 90
6
 70
1
 10
-36.254121
 20
2.508005
 30
0.0
 10
-37.453093
 20
1.808642
 30
0.0
 10
-38.658246
 20
2.497301
 30
0.0
 10
-38.664419
 20
3.885323
 30
0.0
 10
-37.465446
 20
4.584687
 30
0.0
 10
-36.260294
 20
3.896028
 30
0.0
  0
LWPOLYLINE
  5
2f0
100
AcDbEntity
  8
Layer_1
 62
7
100
AcDbPolyline
 90
6
 70
1
 10
-37.504121
 20
4.667516
 30
0.0
 10
-38.703093
 20
3.968153
 30
0.0
 10
-39.908246
 20
4.656812
 30
0.0
 10
-39.914418
 20
6.044834
 30
0.0
 10
-38.715446
 20
6.744198
 30
0.0
 10
-37.510294
 20
6.055539
 30
0.0
  0
LWPOLYLINE
  5
2f1
100
AcDbEntity
  8
Layer_1
 62
7
100
AcDbPolyline
 90
6
 70
1
 10
-38.754121
 20
6.827029
 30
0.0
 10
-39.953093
 20
6.127665
 30
0.0
 10
-41.158245
 20
6.816324
 30
0.0
 10
-41.164418
 20
8.204347
 30
0.0
 10
-39.965446
 20
8.903709
 30
0.0
 10
-38.760293
 20
8.215052
 30
0.0
  0
LWPOLYLINE
  5
2f2
100
AcDbEntity
  8
Layer_1
 62
7
100
AcDbPolyline
 90
6
 70
1
 10
-40.004120
 20
8.986542
 30
0.0
 10
-41.203093
 20
8.287177
 30
0.0
 10
-42.408245
 20
8.975836
 30
0.0
 10
-42.414418
 20
10.363858
 30
0.0
 10
-41.215446
 20
11.063222
 30
0.0
 10
-40.010293
 20
10.374563
 30
0.0
  0
LWPOLYLINE
  5
2f3
100
AcDbEntity
  8
Layer_1
 62
7
100
AcDbPolyline
 90
6
 70
1
 10
-41.254120
 20
11.146053
 30
0.0
 10
-42.453093
 20
10.446690
 30
0.0
 10
-43.658245
 20
11.135349
 30
0.0
 10
-43.664418
 20
12.523371
 30
0.0
 10
-42.465447
 20
13.222735
 30
0.0
 10
-41.260293
 20
12.534076
 30
0.0
  0
LWPOLYLINE
  5
2f4
100
AcDbEntity
  8
Layer_1
 62
7
100
AcDbPolyline
 90
6
 70
1
 10
-42.504120
 20
13.305566
 30
0.0
 10
-43.703093
 20
12.606201
 30
0.0
 10
-44.908247
 20
13.294860
 30
0.0
 10
-44.914420
 20
14.682884
 30
0.0
 10
-43.715447
 20
15.382246
 30
0.0
 10
-42.510293
 20
14.693587
 30
0.0
  0
LWPOLYLINE
  5
2f5
100
AcDbEntity
  8
Layer_1
 62
7
100
AcDbPolyline
 90
6
 70
1
 10
-43.754120
 20
15.465077
 30
0.0
 10
-44.953093
 20
14.765712
 30
0.0
 10
-46.158247
 20
15.454371
 30
0.0
 10
-46.164420
 20
16.842395
 30
0.0
 10
-44.965447
 20
17.541757
 30
0.0
 10
-43.760293
 20
16.853098
 30
0.0
  0
LWPOLYLINE
  5
2f6
100
AcDbEntity
  8
Layer_1
 62
7
100
AcDbPolyline
 90
6
 70
1
 10
-45.004120
 20
17.624588
 30
0.0
 10
-46.203093
 20
16.925225
 30
0.0
 10
-47.408247
 20
17.613884
 30
0.0
 10
-47.414420
 20
19.001906
 30
0.0
 10
-46.215447
 20
19.701270
 30
0.0
 10
-45.010293
 20
19.012611
 30
0.0
  0
LWPOLYLINE
  5
2f7
100
AcDbEntity
  8
Layer_1
 62
7
100
AcDbPolyline
 90
6
 70
1
 10
-46.254120
 20
19.784101
 30
0.0
 10
-47.453093
 20
19.084736
 30
0.0
 10
-48.658247
 20
19.773395
 30
0.0
 10
-48.664420
 20
21.161419
 30
0.0
 10
-47.465447
 20
21.860781
 30
0.0
 10
-46.260295
 20
21.172122
 30
0.0
  0
LWPOLYLINE
  5
2f8
100
AcDbEntity
  8
Layer_1
 62
7
100
AcDbPolyline
 90
6
 70
1
 10
-47.504120
 20
21.943612
 30
0.0
 10
-48.703093
 20
21.244249
 30
0.0
 10
-49.908245
 20
21.932908
 30
0.0
 10
-49.914418
 20
23.320930
 30
0.0
 10
-48.715445
 20
24.020294
 30
0.0
 10
-47.510293
 20
23.331635
 30
0.0
  0
LWPOLYLINE
  5
2f9
100
AcDbEntity
  8
Layer_1
 62
7
100
AcDbPolyline
 90
6
 70
1
 10
-48.754120
 20
24.103123
 30
0.0
 10
-49.953093
 20
23.403760
 30
0.0
 10
-51.158245
 20
24.092419
 30
0.0
 10
-51.164418
 20
25.480441
 30
0.0
 10
-49.965445
 20
26.179805
 30
0.0
 10
-48.760293
 20
25.491146
 30
0.0
  0
LWPOLYLINE
  5
2fa
100
AcDbEntity
  8
Layer_1
 62
7
100
AcDbPolyline
 90
6
 70
1
 10
-50.004120
 20
26.262636
 30
0.0
 10
-51.203093
 20
25.563272
 30
0.0
 10
-52.408245
 20
26.251930
 30
0.0
 10
-52.414418
 20
27.639954
 30
0.0
 10
-51.215447
 20
28.339316
 30
0.0
 10
-50.010293
 20
27.650659
 30
0.0
  0
LWPOLYLINE
  5
2fb
100
AcDbEntity
  8
Layer_1
 62
7
100
AcDbPolyline
 90
6
 70
1
 10
-51.254120
 20
28.422149
 30
0.0
 10
-52.453092
 20
27.722784
 30
0.0
 10
-53.658245
 20
28.411443
 30
0.0
 10
-53.664418
 20
29.799465
 30
0.0
 10
-52.465447
 20
30.498829
 30
0.0
 10
-51.260293
 20
29.810170
 30
0.0
  0
LWPOLYLINE
  5
2fc
100
AcDbEntity
  8
Layer_1
 62
7
100
AcDbPolyline
 90
6
 70
1
 10
-52.504120
 20
30.581660
 30
0.0
 10
-53.703092
 20
29.882297
 30
0.0
 10
-54.908246
 20
30.570956
 30
0.0
 10
-54.914419
 20
31.958978
 30
0.0
 10
-53.715447
 20
32.658342
 30
0.0
 10
-52.510293
 20
31.969683
 30
0.0
  0
LWPOLYLINE
  5
2fd
100
AcDbEntity
  8
Layer_1
 62
7
100
AcDbPolyline
 90
6
 70
1
 10
-53.754120
 20
32.741171
 30
0.0
 10
-54.953092
 20
32.041808
 30
0.0
 10
-56.158246
 20
32.730467
 30
0.0
 10
-56.164419
 20
34.118489
 30
0.0
 10
-54.965447
 20
34.817853
 30
0.0
 10
-53.760293
 20
34.129194
 30
0.0
  0
LWPOLYLINE
  5
2fe
100
AcDbEntity
  8
Layer_1
 62
7
100
AcDbPolyline
 90
6
 70
1
 10
-55.004120
 20
34.900684
 30
0.0
 10
-56.203092
 20
34.201319
 30
0.0
 10
-57.408246
 20
34.889978
 30
0.0
 10
-57.414419
 20
36.278002
 30
0.0
 10
-56.215447
 20
36.977364
 30
0.0
 10
-55.010294
 20
36.288705
 30
0.0
  0
LWPOLYLINE
  5
2ff
100
AcDbEntity
  8
Layer_1
 62
7
100
AcDbPolyline
 90
6
 70
1
 10
-56.254120
 20
37.060195
 30
0.0
 10
-57.453092
 20
36.360832
 30
0.0
 10
-58.658246
 20
37.049491
 30
0.0
 10
-58.664419
 20
38.437513
 30
0.0
 10
-57.465446
 20
39.136877
 30
0.0
 10
-56.260294
 20
38.448218
 30
0.0
  0
LWPOLYLINE
  5
300
100
AcDbEntity
  8
Layer_1
 62
7
100
AcDbPolyline
 90
6
 70
1
 10
-57.504121
 20
39.219706
 30
0.0
 10
-58.703092
 20
38.520343
 30
0.0
 10
-59.908246
 20
39.209002
 30
0.0
 10
-59.914419
 20
40.597024
 30
0.0
 10
-58.715446
 20
41.296388
 30
0.0
 10
-57.510294
 20
40.607729
 30
0.0
  0
LWPOLYLINE
  5
301
100
AcDbEntity
  8
Layer_1
 62
7
100
AcDbPolyline
 90
6
 70
1
 10
-58.754121
 20
41.379218
 30
0.0
 10
-59.953094
 20
40.679855
 30
0.0
 10
-61.158246
 20
41.368514
 30
0.0
 10
-61.164419
 20
42.756536
 30
0.0
 10
-59.965446
 20
43.455900
 30
0.0
 10
-58.760294
 20
42.767241
 30
0.0
  0
LWPOLYLINE
  5
302
100
AcDbEntity
  8
Layer_1
 62
7
100
AcDbPolyline
 90
6
 70
1
 10
-60.004119
 20
43.538731
 30
0.0
 10
-61.203092
 20
42.839367
 30
0.0
 10
-62.408244
 20
43.528026
 30
0.0
 10
-62.414417
 20
44.916048
 30
0.0
 10
-61.215446
 20
45.615412
 30
0.0
 10
-60.010292
 20
44.926753
 30
0.0
  0
LWPOLYLINE
  5
303
100
AcDbEntity
  8
Layer_1
 62
7
100
AcDbPolyline
 90
6
 70
1
 10
-61.254119
 20
45.698243
 30
0.0
 10
-62.453092
 20
44.998879
 30
0.0
 10
-63.658246
 20
45.687538
 30
0.0
 10
-63.664419
 20
47.075560
 30
0.0
 10
-62.465446
 20
47.774924
 30
0.0
 10
-61.260292
 20
47.086265
 30
0.0
  0
LWPOLYLINE
  5
304
100
AcDbEntity
  8
Layer_1
 62
7
100
AcDbPolyline
 90
6
 70
1
 10
-62.504119
 20
47.857754
 30
0.0
 10
-63.703092
 20
47.158390
 30
0.0
 10
-64.908246
 20
47.847049
 30
0.0
 10
-64.914419
 20
49.235071
 30
0.0
 10
-63.715446
 20
49.934435
 30
0.0
 10
-62.510292
 20
49.245776
 30
0.0
  0
LWPOLYLINE
  5
305
100
AcDbEntity
  8
Layer_1
 62
7
100
AcDbPolyline
 90
6
 70
1
 10
-63.754119
 20
50.017266
 30
0.0
 10
-64.953092
 20
49.317902
 30
0.0
 10
-66.158246
 20
50.006561
 30
0.0
 10
-66.164419
 20
51.394584
 30
0.0
 10
-64.965446
 20
52.093947
 30
0.0
 10
-63.760292
 20
51.405288
 30
0.0
  0
LWPOLYLINE
  5
306
100
AcDbEntity
  8
Layer_1
 62
7
100
AcDbPolyline
 90
6
 70
1
 10
-65.004119
 20
52.176778
 30
0.0
 10
-66.203092
 20
51.477414
 30
0.0
 10
-67.408246
 20
52.166073
 30
0.0
 10
-67.414419
 20
53.554096
 30
0.0
 10
-66.215446
 20
54.253459
 30
0.0
 10
-65.010294
 20
53.564801
 30
0.0
  0
LWPOLYLINE
  5
307
100
AcDbEntity
  8
Layer_1
 62
7
100
AcDbPolyline
 90
6
 70
1
 10
-37.504121
 20
0.348494
 30
0.0
 10
-38.703093
 20
-0.350871
 30
0.0
 10
-39.908246
 20
0.337788
 30
0.0
 10
-39.914418
 20
1.725812
 30
0.0
 10
-38.715446
 20
2.425174
 30
0.0
 10
-37.510294
 20
1.736515
 30
0.0
  0
LWPOLYLINE
  5
308
100
AcDbEntity
  8
Layer_1
 62
7
100
AcDbPolyline
 90
6
 70
1
 10
-38.754121
 20
2.508005
 30
0.0
 10
-39.953093
 20
1.808642
 30
0.0
 10
-41.158245
 20
2.497301
 30
0.0
 10
-41.164418
 20
3.885323
 30
0.0
 10
-39.965446
 20
4.584687
 30
0.0
 10
-38.760293
 20
3.896028
 30
0.0
  0
LWPOLYLINE
  5
309
100
AcDbEntity
  8
Layer_1
 62
7
100
AcDbPolyline
 90
6
 70
1
 10
-40.004120
 20
4.667516
 30
0.0
 10
-41.203093
 20
3.968153
 30
0.0
 10
-42.408245
 20
4.656812
 30
0.0
 10
-42.414418
 20
6.044834
 30
0.0
 10
-41.215446
 20
6.744198
 30
0.0
 10
-40.010293
 20
6.055539
 30
0.0
  0
LWPOLYLINE
  5
30a
100
AcDbEntity
  8
Layer_1
 62
7
100
AcDbPolyline
 90
6
 70
1
 10
-41.254120
 20
6.827029
 30
0.0
 10
-42.453093
 20
6.127665
 30
0.0
 10
-43.658245
 20
6.816324
 30
0.0
 10
-43.664418
 20
8.204347
 30
0.0
 10
-42.465447
 20
8.903709
 30
0.0
 10
-41.260293
 20
8.215052
 30
0.0
  0
LWPOLYLINE
  5
30b
100
AcDbEntity
  8
Layer_1
 62
7
100
AcDbPolyline
 90
6
 70
1
 10
-42.504120
 20
8.986542
 30
0.0
 10
-43.703093
 20
8.287177
 30
0.0
 10
-44.908247
 20
8.975836
 30
0.0
 10
-44.914420
 20
10.363858
 30
0.0
 10
-43.715447
 20
11.063222
 30
0.0
 10
-42.510293
 20
10.374563
 30
0.0
  0
LWPOLYLINE
  5
30c
100
AcDbEntity
  8
Layer_1
 62
7
100
AcDbPolyline
 90
6
 70
1
 10
-43.754120
 20
11.146053
 30
0.0
 10
-44.953093
 20
10.446690
 30
0.0
 10
-46.158247
 20
11.135349
 30
0.0
 10
-46.164420
 20
12.523371
 30
0.0
 10
-44.965447
 20
13.222735
 30
0.0
 10
-43.760293
 20
12.534076
 30
0.0
  0
LWPOLYLINE
  5
30d
100
AcDbEntity
  8
Layer_1
 62
7
100
AcDbPolyline
 90
6
 70
1
 10
-45.004120
 20
13.305566
 30
0.0
 10
-46.203093
 20
12.606201
 30
0.0
 10
-47.408247
 20
13.294860
 30
0.0
 10
-47.414420
 20
14.682884
 30
0.0
 10
-46.215447
 20
15.382246
 30
0.0
 10
-45.010293
 20
14.693587
 30
0.0
  0
LWPOLYLINE
  5
30e
100
AcDbEntity
  8
Layer_1
 62
7
100
AcDbPolyline
 90
6
 70
1
 10
-46.254120
 20
15.465077
 30
0.0
 10
-47.453093
 20
14.765712
 30
0.0
 10
-48.658247
 20
15.454371
 30
0.0
 10
-48.664420
 20
16.842395
 30
0.0
 10
-47.465447
 20
17.541757
 30
0.0
 10
-46.260295
 20
16.853098
 30
0.0
  0
LWPOLYLINE
  5
30f
100
AcDbEntity
  8
Layer_1
 62
7
100
AcDbPolyline
 90
6
 70
1
 10
-47.504120
 20
17.624588
 30
0.0
 10
-48.703093
 20
16.925225
 30
0.0
 10
-49.908245
 20
17.613884
 30
0.0
 10
-49.914418
 20
19.001906
 30
0.0
 10
-48.715445
 20
19.701270
 30
0.0
 10
-47.510293
 20
19.012611
 30
0.0
  0
LWPOLYLINE
  5
310
100
AcDbEntity
  8
Layer_1
 62
7
100
AcDbPolyline
 90
6
 70
1
 10
-48.754120
 20
19.784101
 30
0.0
 10
-49.953093
 20
19.084736
 30
0.0
 10
-51.158245
 20
19.773395
 30
0.0
 10
-51.164418
 20
21.161419
 30
0.0
 10
-49.965445
 20
21.860781
 30
0.0
 10
-48.760293
 20
21.172122
 30
0.0
  0
LWPOLYLINE
  5
311
100
AcDbEntity
  8
Layer_1
 62
7
100
AcDbPolyline
 90
6
 70
1
 10
-50.004120
 20
21.943612
 30
0.0
 10
-51.203093
 20
21.244249
 30
0.0
 10
-52.408245
 20
21.932908
 30
0.0
 10
-52.414418
 20
23.320930
 30
0.0
 10
-51.215447
 20
24.020294
 30
0.0
 10
-50.010293
 20
23.331635
 30
0.0
  0
LWPOLYLINE
  5
312
100
AcDbEntity
  8
Layer_1
 62
7
100
AcDbPolyline
 90
6
 70
1
 10
-51.254120
 20
24.103123
 30
0.0
 10
-52.453092
 20
23.403760
 30
0.0
 10
-53.658245
 20
24.092419
 30
0.0
 10
-53.664418
 20
25.480441
 30
0.0
 10
-52.465447
 20
26.179805
 30
0.0
 10
-51.260293
 20
25.491146
 30
0.0
  0
LWPOLYLINE
  5
313
100
AcDbEntity
  8
Layer_1
 62
7
100
AcDbPolyline
 90
6
 70
1
 10
-52.504120
 20
26.262636
 30
0.0
 10
-53.703092
 20
25.563272
 30
0.0
 10
-54.908246
 20
26.251930
 30
0.0
 10
-54.914419
 20
27.639954
 30
0.0
 10
-53.715447
 20
28.339316
 30
0.0
 10
-52.510293
 20
27.650659
 30
0.0
  0
LWPOLYLINE
  5
314
100
AcDbEntity
  8
Layer_1
 62
7
100
AcDbPolyline
 90
6
 70
1
 10
-53.754120
 20
28.422149
 30
0.0
 10
-54.953092
 20
27.722784
 30
0.0
 10
-56.158246
 20
28.411443
 30
0.0
 10
-56.164419
 20
29.799465
 30
0.0
 10
-54.965447
 20
30.498829
 30
0.0
 10
-53.760293
 20
29.810170
 30
0.0
  0
LWPOLYLINE
  5
315
100
AcDbEntity
  8
Layer_1
 62
7
100
AcDbPolyline
 90
6
 70
1
 10
-55.004120
 20
30.581660
 30
0.0
 10
-56.203092
 20
29.882297
 30
0.0
 10
-57.408246
 20
30.570956
 30
0.0
 10
-57.414419
 20
31.958978
 30
0.0
 10
-56.215447
 20
32.658342
 30
0.0
 10
-55.010294
 20
31.969683
 30
0.0
  0
LWPOLYLINE
  5
316
100
AcDbEntity
  8
Layer_1
 62
7
100
AcDbPolyline
 90
6
 70
1
 10
-56.254120
 20
32.741171
 30
0.0
 10
-57.453092
 20
32.041808
 30
0.0
 10
-58.658246
 20
32.730467
 30
0.0
 10
-58.664419
 20
34.118489
 30
0.0
 10
-57.465446
 20
34.817853
 30
0.0
 10
-56.260294
 20
34.129194
 30
0.0
  0
LWPOLYLINE
  5
317
100
AcDbEntity
  8
Layer_1
 62
7
100
AcDbPolyline
 90
6
 70
1
 10
-57.504121
 20
34.900684
 30
0.0
 10
-58.703092
 20
34.201319
 30
0.0
 10
-59.908246
 20
34.889978
 30
0.0
 10
-59.914419
 20
36.278002
 30
0.0
 10
-58.715446
 20
36.977364
 30
0.0
 10
-57.510294
 20
36.288705
 30
0.0
  0
LWPOLYLINE
  5
318
100
AcDbEntity
  8
Layer_1
 62
7
100
AcDbPolyline
 90
6
 70
1
 10
-58.754121
 20
37.060195
 30
0.0
 10
-59.953094
 20
36.360832
 30
0.0
 10
-61.158246
 20
37.049491
 30
0.0
 10
-61.164419
 20
38.437513
 30
0.0
 10
-59.965446
 20
39.136877
 30
0.0
 10
-58.760294
 20
38.448218
 30
0.0
  0
LWPOLYLINE
  5
319
100
AcDbEntity
  8
Layer_1
 62
7
100
AcDbPolyline
 90
6
 70
1
 10
-60.004119
 20
39.219706
 30
0.0
 10
-61.203092
 20
38.520343
 30
0.0
 10
-62.408244
 20
39.209002
 30
0.0
 10
-62.414417
 20
40.597024
 30
0.0
 10
-61.215446
 20
41.296388
 30
0.0
 10
-60.010292
 20
40.607729
 30
0.0
  0
LWPOLYLINE
  5
31a
100
AcDbEntity
  8
Layer_1
 62
7
100
AcDbPolyline
 90
6
 70
1
 10
-61.254119
 20
41.379218
 30
0.0
 10
-62.453092
 20
40.679855
 30
0.0
 10
-63.658246
 20
41.368514
 30
0.0
 10
-63.664419
 20
42.756536
 30
0.0
 10
-62.465446
 20
43.455900
 30
0.0
 10
-61.260292
 20
42.767241
 30
0.0
  0
LWPOLYLINE
  5
31b
100
AcDbEntity
  8
Layer_1
 62
7
100
AcDbPolyline
 90
6
 70
1
 10
-62.504119
 20
43.538731
 30
0.0
 10
-63.703092
 20
42.839367
 30
0.0
 10
-64.908246
 20
43.528026
 30
0.0
 10
-64.914419
 20
44.916048
 30
0.0
 10
-63.715446
 20
45.615412
 30
0.0
 10
-62.510292
 20
44.926753
 30
0.0
  0
LWPOLYLINE
  5
31c
100
AcDbEntity
  8
Layer_1
 62
7
100
AcDbPolyline
 90
6
 70
1
 10
-63.754119
 20
45.698243
 30
0.0
 10
-64.953092
 20
44.998879
 30
0.0
 10
-66.158246
 20
45.687538
 30
0.0
 10
-66.164419
 20
47.075560
 30
0.0
 10
-64.965446
 20
47.774924
 30
0.0
 10
-63.760292
 20
47.086265
 30
0.0
  0
LWPOLYLINE
  5
31d
100
AcDbEntity
  8
Layer_1
 62
7
100
AcDbPolyline
 90
6
 70
1
 10
-65.004119
 20
47.857754
 30
0.0
 10
-66.203092
 20
47.158390
 30
0.0
 10
-67.408246
 20
47.847049
 30
0.0
 10
-67.414419
 20
49.235071
 30
0.0
 10
-66.215446
 20
49.934435
 30
0.0
 10
-65.010294
 20
49.245776
 30
0.0
  0
LWPOLYLINE
  5
31e
100
AcDbEntity
  8
Layer_1
 62
7
100
AcDbPolyline
 90
6
 70
1
 10
-66.254121
 20
50.017266
 30
0.0
 10
-67.453092
 20
49.317902
 30
0.0
 10
-68.658246
 20
50.006561
 30
0.0
 10
-68.664419
 20
51.394584
 30
0.0
 10
-67.465446
 20
52.093947
 30
0.0
 10
-66.260294
 20
51.405288
 30
0.0
  0
LWPOLYLINE
  5
31f
100
AcDbEntity
  8
Layer_1
 62
7
100
AcDbPolyline
 90
6
 70
1
 10
-67.504121
 20
52.176778
 30
0.0
 10
-68.703092
 20
51.477414
 30
0.0
 10
-69.908246
 20
52.166073
 30
0.0
 10
-69.914418
 20
53.554096
 30
0.0
 10
-68.715446
 20
54.253459
 30
0.0
 10
-67.510294
 20
53.564801
 30
0.0
  0
LWPOLYLINE
  5
320
100
AcDbEntity
  8
Layer_1
 62
7
100
AcDbPolyline
 90
6
 70
1
 10
-40.004120
 20
0.348494
 30
0.0
 10
-41.203093
 20
-0.350871
 30
0.0
 10
-42.408245
 20
0.337788
 30
0.0
 10
-42.414418
 20
1.725812
 30
0.0
 10
-41.215446
 20
2.425174
 30
0.0
 10
-40.010293
 20
1.736515
 30
0.0
  0
LWPOLYLINE
  5
321
100
AcDbEntity
  8
Layer_1
 62
7
100
AcDbPolyline
 90
6
 70
1
 10
-41.254120
 20
2.508005
 30
0.0
 10
-42.453093
 20
1.808642
 30
0.0
 10
-43.658245
 20
2.497301
 30
0.0
 10
-43.664418
 20
3.885323
 30
0.0
 10
-42.465447
 20
4.584687
 30
0.0
 10
-41.260293
 20
3.896028
 30
0.0
  0
LWPOLYLINE
  5
322
100
AcDbEntity
  8
Layer_1
 62
7
100
AcDbPolyline
 90
6
 70
1
 10
-42.504120
 20
4.667516
 30
0.0
 10
-43.703093
 20
3.968153
 30
0.0
 10
-44.908247
 20
4.656812
 30
0.0
 10
-44.914420
 20
6.044834
 30
0.0
 10
-43.715447
 20
6.744198
 30
0.0
 10
-42.510293
 20
6.055539
 30
0.0
  0
LWPOLYLINE
  5
323
100
AcDbEntity
  8
Layer_1
 62
7
100
AcDbPolyline
 90
6
 70
1
 10
-43.754120
 20
6.827029
 30
0.0
 10
-44.953093
 20
6.127665
 30
0.0
 10
-46.158247
 20
6.816324
 30
0.0
 10
-46.164420
 20
8.204347
 30
0.0
 10
-44.965447
 20
8.903709
 30
0.0
 10
-43.760293
 20
8.215052
 30
0.0
  0
LWPOLYLINE
  5
324
100
AcDbEntity
  8
Layer_1
 62
7
100
AcDbPolyline
 90
6
 70
1
 10
-45.004120
 20
8.986542
 30
0.0
 10
-46.203093
 20
8.287177
 30
0.0
 10
-47.408247
 20
8.975836
 30
0.0
 10
-47.414420
 20
10.363858
 30
0.0
 10
-46.215447
 20
11.063222
 30
0.0
 10
-45.010293
 20
10.374563
 30
0.0
  0
LWPOLYLINE
  5
325
100
AcDbEntity
  8
Layer_1
 62
7
100
AcDbPolyline
 90
6
 70
1
 10
-46.254120
 20
11.146053
 30
0.0
 10
-47.453093
 20
10.446690
 30
0.0
 10
-48.658247
 20
11.135349
 30
0.0
 10
-48.664420
 20
12.523371
 30
0.0
 10
-47.465447
 20
13.222735
 30
0.0
 10
-46.260295
 20
12.534076
 30
0.0
  0
LWPOLYLINE
  5
326
100
AcDbEntity
  8
Layer_1
 62
7
100
AcDbPolyline
 90
6
 70
1
 10
-47.504120
 20
13.305566
 30
0.0
 10
-48.703093
 20
12.606201
 30
0.0
 10
-49.908245
 20
13.294860
 30
0.0
 10
-49.914418
 20
14.682884
 30
0.0
 10
-48.715445
 20
15.382246
 30
0.0
 10
-47.510293
 20
14.693587
 30
0.0
  0
LWPOLYLINE
  5
327
100
AcDbEntity
  8
Layer_1
 62
7
100
AcDbPolyline
 90
6
 70
1
 10
-48.754120
 20
15.465077
 30
0.0
 10
-49.953093
 20
14.765712
 30
0.0
 10
-51.158245
 20
15.454371
 30
0.0
 10
-51.164418
 20
16.842395
 30
0.0
 10
-49.965445
 20
17.541757
 30
0.0
 10
-48.760293
 20
16.853098
 30
0.0
  0
LWPOLYLINE
  5
328
100
AcDbEntity
  8
Layer_1
 62
7
100
AcDbPolyline
 90
6
 70
1
 10
-50.004120
 20
17.624588
 30
0.0
 10
-51.203093
 20
16.925225
 30
0.0
 10
-52.408245
 20
17.613884
 30
0.0
 10
-52.414418
 20
19.001906
 30
0.0
 10
-51.215447
 20
19.701270
 30
0.0
 10
-50.010293
 20
19.012611
 30
0.0
  0
LWPOLYLINE
  5
329
100
AcDbEntity
  8
Layer_1
 62
7
100
AcDbPolyline
 90
6
 70
1
 10
-51.254120
 20
19.784101
 30
0.0
 10
-52.453092
 20
19.084736
 30
0.0
 10
-53.658245
 20
19.773395
 30
0.0
 10
-53.664418
 20
21.161419
 30
0.0
 10
-52.465447
 20
21.860781
 30
0.0
 10
-51.260293
 20
21.172122
 30
0.0
  0
LWPOLYLINE
  5
32a
100
AcDbEntity
  8
Layer_1
 62
7
100
AcDbPolyline
 90
6
 70
1
 10
-52.504120
 20
21.943612
 30
0.0
 10
-53.703092
 20
21.244249
 30
0.0
 10
-54.908246
 20
21.932908
 30
0.0
 10
-54.914419
 20
23.320930
 30
0.0
 10
-53.715447
 20
24.020294
 30
0.0
 10
-52.510293
 20
23.331635
 30
0.0
  0
LWPOLYLINE
  5
32b
100
AcDbEntity
  8
Layer_1
 62
7
100
AcDbPolyline
 90
6
 70
1
 10
-53.754120
 20
24.103123
 30
0.0
 10
-54.953092
 20
23.403760
 30
0.0
 10
-56.158246
 20
24.092419
 30
0.0
 10
-56.164419
 20
25.480441
 30
0.0
 10
-54.965447
 20
26.179805
 30
0.0
 10
-53.760293
 20
25.491146
 30
0.0
  0
LWPOLYLINE
  5
32c
100
AcDbEntity
  8
Layer_1
 62
7
100
AcDbPolyline
 90
6
 70
1
 10
-55.004120
 20
26.262636
 30
0.0
 10
-56.203092
 20
25.563272
 30
0.0
 10
-57.408246
 20
26.251930
 30
0.0
 10
-57.414419
 20
27.639954
 30
0.0
 10
-56.215447
 20
28.339316
 30
0.0
 10
-55.010294
 20
27.650659
 30
0.0
  0
LWPOLYLINE
  5
32d
100
AcDbEntity
  8
Layer_1
 62
7
100
AcDbPolyline
 90
6
 70
1
 10
-56.254120
 20
28.422149
 30
0.0
 10
-57.453092
 20
27.722784
 30
0.0
 10
-58.658246
 20
28.411443
 30
0.0
 10
-58.664419
 20
29.799465
 30
0.0
 10
-57.465446
 20
30.498829
 30
0.0
 10
-56.260294
 20
29.810170
 30
0.0
  0
LWPOLYLINE
  5
32e
100
AcDbEntity
  8
Layer_1
 62
7
100
AcDbPolyline
 90
6
 70
1
 10
-57.504121
 20
30.581660
 30
0.0
 10
-58.703092
 20
29.882297
 30
0.0
 10
-59.908246
 20
30.570956
 30
0.0
 10
-59.914419
 20
31.958978
 30
0.0
 10
-58.715446
 20
32.658342
 30
0.0
 10
-57.510294
 20
31.969683
 30
0.0
  0
LWPOLYLINE
  5
32f
100
AcDbEntity
  8
Layer_1
 62
7
100
AcDbPolyline
 90
6
 70
1
 10
-58.754121
 20
32.741171
 30
0.0
 10
-59.953094
 20
32.041808
 30
0.0
 10
-61.158246
 20
32.730467
 30
0.0
 10
-61.164419
 20
34.118489
 30
0.0
 10
-59.965446
 20
34.817853
 30
0.0
 10
-58.760294
 20
34.129194
 30
0.0
  0
LWPOLYLINE
  5
330
100
AcDbEntity
  8
Layer_1
 62
7
100
AcDbPolyline
 90
6
 70
1
 10
-60.004119
 20
34.900684
 30
0.0
 10
-61.203092
 20
34.201319
 30
0.0
 10
-62.408244
 20
34.889978
 30
0.0
 10
-62.414417
 20
36.278002
 30
0.0
 10
-61.215446
 20
36.977364
 30
0.0
 10
-60.010292
 20
36.288705
 30
0.0
  0
LWPOLYLINE
  5
331
100
AcDbEntity
  8
Layer_1
 62
7
100
AcDbPolyline
 90
6
 70
1
 10
-61.254119
 20
37.060195
 30
0.0
 10
-62.453092
 20
36.360832
 30
0.0
 10
-63.658246
 20
37.049491
 30
0.0
 10
-63.664419
 20
38.437513
 30
0.0
 10
-62.465446
 20
39.136877
 30
0.0
 10
-61.260292
 20
38.448218
 30
0.0
  0
LWPOLYLINE
  5
332
100
AcDbEntity
  8
Layer_1
 62
7
100
AcDbPolyline
 90
6
 70
1
 10
-62.504119
 20
39.219706
 30
0.0
 10
-63.703092
 20
38.520343
 30
0.0
 10
-64.908246
 20
39.209002
 30
0.0
 10
-64.914419
 20
40.597024
 30
0.0
 10
-63.715446
 20
41.296388
 30
0.0
 10
-62.510292
 20
40.607729
 30
0.0
  0
LWPOLYLINE
  5
333
100
AcDbEntity
  8
Layer_1
 62
7
100
AcDbPolyline
 90
6
 70
1
 10
-63.754119
 20
41.379218
 30
0.0
 10
-64.953092
 20
40.679855
 30
0.0
 10
-66.158246
 20
41.368514
 30
0.0
 10
-66.164419
 20
42.756536
 30
0.0
 10
-64.965446
 20
43.455900
 30
0.0
 10
-63.760292
 20
42.767241
 30
0.0
  0
LWPOLYLINE
  5
334
100
AcDbEntity
  8
Layer_1
 62
7
100
AcDbPolyline
 90
6
 70
1
 10
-65.004119
 20
43.538731
 30
0.0
 10
-66.203092
 20
42.839367
 30
0.0
 10
-67.408246
 20
43.528026
 30
0.0
 10
-67.414419
 20
44.916048
 30
0.0
 10
-66.215446
 20
45.615412
 30
0.0
 10
-65.010294
 20
44.926753
 30
0.0
  0
LWPOLYLINE
  5
335
100
AcDbEntity
  8
Layer_1
 62
7
100
AcDbPolyline
 90
6
 70
1
 10
-66.254121
 20
45.698243
 30
0.0
 10
-67.453092
 20
44.998879
 30
0.0
 10
-68.658246
 20
45.687538
 30
0.0
 10
-68.664419
 20
47.075560
 30
0.0
 10
-67.465446
 20
47.774924
 30
0.0
 10
-66.260294
 20
47.086265
 30
0.0
  0
LWPOLYLINE
  5
336
100
AcDbEntity
  8
Layer_1
 62
7
100
AcDbPolyline
 90
6
 70
1
 10
-67.504121
 20
47.857754
 30
0.0
 10
-68.703092
 20
47.158390
 30
0.0
 10
-69.908246
 20
47.847049
 30
0.0
 10
-69.914418
 20
49.235071
 30
0.0
 10
-68.715446
 20
49.934435
 30
0.0
 10
-67.510294
 20
49.245776
 30
0.0
  0
LWPOLYLINE
  5
337
100
AcDbEntity
  8
Layer_1
 62
7
100
AcDbPolyline
 90
6
 70
1
 10
-68.754121
 20
50.017266
 30
0.0
 10
-69.953093
 20
49.317902
 30
0.0
 10
-71.158245
 20
50.006561
 30
0.0
 10
-71.164418
 20
51.394584
 30
0.0
 10
-69.965446
 20
52.093947
 30
0.0
 10
-68.760293
 20
51.405288
 30
0.0
  0
LWPOLYLINE
  5
338
100
AcDbEntity
  8
Layer_1
 62
7
100
AcDbPolyline
 90
6
 70
1
 10
-70.004120
 20
52.176778
 30
0.0
 10
-71.203093
 20
51.477414
 30
0.0
 10
-72.408245
 20
52.166073
 30
0.0
 10
-72.414418
 20
53.554096
 30
0.0
 10
-71.215446
 20
54.253459
 30
0.0
 10
-70.010293
 20
53.564801
 30
0.0
  0
LWPOLYLINE
  5
339
100
AcDbEntity
  8
Layer_1
 62
7
100
AcDbPolyline
 90
6
 70
1
 10
-42.504120
 20
0.348494
 30
0.0
 10
-43.703093
 20
-0.350871
 30
0.0
 10
-44.908247
 20
0.337788
 30
0.0
 10
-44.914420
 20
1.725812
 30
0.0
 10
-43.715447
 20
2.425174
 30
0.0
 10
-42.510293
 20
1.736515
 30
0.0
  0
LWPOLYLINE
  5
33a
100
AcDbEntity
  8
Layer_1
 62
7
100
AcDbPolyline
 90
6
 70
1
 10
-43.754120
 20
2.508005
 30
0.0
 10
-44.953093
 20
1.808642
 30
0.0
 10
-46.158247
 20
2.497301
 30
0.0
 10
-46.164420
 20
3.885323
 30
0.0
 10
-44.965447
 20
4.584687
 30
0.0
 10
-43.760293
 20
3.896028
 30
0.0
  0
LWPOLYLINE
  5
33b
100
AcDbEntity
  8
Layer_1
 62
7
100
AcDbPolyline
 90
6
 70
1
 10
-45.004120
 20
4.667516
 30
0.0
 10
-46.203093
 20
3.968153
 30
0.0
 10
-47.408247
 20
4.656812
 30
0.0
 10
-47.414420
 20
6.044834
 30
0.0
 10
-46.215447
 20
6.744198
 30
0.0
 10
-45.010293
 20
6.055539
 30
0.0
  0
LWPOLYLINE
  5
33c
100
AcDbEntity
  8
Layer_1
 62
7
100
AcDbPolyline
 90
6
 70
1
 10
-46.254120
 20
6.827029
 30
0.0
 10
-47.453093
 20
6.127665
 30
0.0
 10
-48.658247
 20
6.816324
 30
0.0
 10
-48.664420
 20
8.204347
 30
0.0
 10
-47.465447
 20
8.903709
 30
0.0
 10
-46.260295
 20
8.215052
 30
0.0
  0
LWPOLYLINE
  5
33d
100
AcDbEntity
  8
Layer_1
 62
7
100
AcDbPolyline
 90
6
 70
1
 10
-47.504120
 20
8.986542
 30
0.0
 10
-48.703093
 20
8.287177
 30
0.0
 10
-49.908245
 20
8.975836
 30
0.0
 10
-49.914418
 20
10.363858
 30
0.0
 10
-48.715445
 20
11.063222
 30
0.0
 10
-47.510293
 20
10.374563
 30
0.0
  0
LWPOLYLINE
  5
33e
100
AcDbEntity
  8
Layer_1
 62
7
100
AcDbPolyline
 90
6
 70
1
 10
-48.754120
 20
11.146053
 30
0.0
 10
-49.953093
 20
10.446690
 30
0.0
 10
-51.158245
 20
11.135349
 30
0.0
 10
-51.164418
 20
12.523371
 30
0.0
 10
-49.965445
 20
13.222735
 30
0.0
 10
-48.760293
 20
12.534076
 30
0.0
  0
LWPOLYLINE
  5
33f
100
AcDbEntity
  8
Layer_1
 62
7
100
AcDbPolyline
 90
6
 70
1
 10
-50.004120
 20
13.305566
 30
0.0
 10
-51.203093
 20
12.606201
 30
0.0
 10
-52.408245
 20
13.294860
 30
0.0
 10
-52.414418
 20
14.682884
 30
0.0
 10
-51.215447
 20
15.382246
 30
0.0
 10
-50.010293
 20
14.693587
 30
0.0
  0
LWPOLYLINE
  5
340
100
AcDbEntity
  8
Layer_1
 62
7
100
AcDbPolyline
 90
6
 70
1
 10
-51.254120
 20
15.465077
 30
0.0
 10
-52.453092
 20
14.765712
 30
0.0
 10
-53.658245
 20
15.454371
 30
0.0
 10
-53.664418
 20
16.842395
 30
0.0
 10
-52.465447
 20
17.541757
 30
0.0
 10
-51.260293
 20
16.853098
 30
0.0
  0
LWPOLYLINE
  5
341
100
AcDbEntity
  8
Layer_1
 62
7
100
AcDbPolyline
 90
6
 70
1
 10
-52.504120
 20
17.624588
 30
0.0
 10
-53.703092
 20
16.925225
 30
0.0
 10
-54.908246
 20
17.613884
 30
0.0
 10
-54.914419
 20
19.001906
 30
0.0
 10
-53.715447
 20
19.701270
 30
0.0
 10
-52.510293
 20
19.012611
 30
0.0
  0
LWPOLYLINE
  5
342
100
AcDbEntity
  8
Layer_1
 62
7
100
AcDbPolyline
 90
6
 70
1
 10
-53.754120
 20
19.784101
 30
0.0
 10
-54.953092
 20
19.084736
 30
0.0
 10
-56.158246
 20
19.773395
 30
0.0
 10
-56.164419
 20
21.161419
 30
0.0
 10
-54.965447
 20
21.860781
 30
0.0
 10
-53.760293
 20
21.172122
 30
0.0
  0
LWPOLYLINE
  5
343
100
AcDbEntity
  8
Layer_1
 62
7
100
AcDbPolyline
 90
6
 70
1
 10
-55.004120
 20
21.943612
 30
0.0
 10
-56.203092
 20
21.244249
 30
0.0
 10
-57.408246
 20
21.932908
 30
0.0
 10
-57.414419
 20
23.320930
 30
0.0
 10
-56.215447
 20
24.020294
 30
0.0
 10
-55.010294
 20
23.331635
 30
0.0
  0
LWPOLYLINE
  5
344
100
AcDbEntity
  8
Layer_1
 62
7
100
AcDbPolyline
 90
6
 70
1
 10
-56.254120
 20
24.103123
 30
0.0
 10
-57.453092
 20
23.403760
 30
0.0
 10
-58.658246
 20
24.092419
 30
0.0
 10
-58.664419
 20
25.480441
 30
0.0
 10
-57.465446
 20
26.179805
 30
0.0
 10
-56.260294
 20
25.491146
 30
0.0
  0
LWPOLYLINE
  5
345
100
AcDbEntity
  8
Layer_1
 62
7
100
AcDbPolyline
 90
6
 70
1
 10
-57.504121
 20
26.262636
 30
0.0
 10
-58.703092
 20
25.563272
 30
0.0
 10
-59.908246
 20
26.251930
 30
0.0
 10
-59.914419
 20
27.639954
 30
0.0
 10
-58.715446
 20
28.339316
 30
0.0
 10
-57.510294
 20
27.650659
 30
0.0
  0
LWPOLYLINE
  5
346
100
AcDbEntity
  8
Layer_1
 62
7
100
AcDbPolyline
 90
6
 70
1
 10
-58.754121
 20
28.422149
 30
0.0
 10
-59.953094
 20
27.722784
 30
0.0
 10
-61.158246
 20
28.411443
 30
0.0
 10
-61.164419
 20
29.799465
 30
0.0
 10
-59.965446
 20
30.498829
 30
0.0
 10
-58.760294
 20
29.810170
 30
0.0
  0
LWPOLYLINE
  5
347
100
AcDbEntity
  8
Layer_1
 62
7
100
AcDbPolyline
 90
6
 70
1
 10
-60.004119
 20
30.581660
 30
0.0
 10
-61.203092
 20
29.882297
 30
0.0
 10
-62.408244
 20
30.570956
 30
0.0
 10
-62.414417
 20
31.958978
 30
0.0
 10
-61.215446
 20
32.658342
 30
0.0
 10
-60.010292
 20
31.969683
 30
0.0
  0
LWPOLYLINE
  5
348
100
AcDbEntity
  8
Layer_1
 62
7
100
AcDbPolyline
 90
6
 70
1
 10
-61.254119
 20
32.741171
 30
0.0
 10
-62.453092
 20
32.041808
 30
0.0
 10
-63.658246
 20
32.730467
 30
0.0
 10
-63.664419
 20
34.118489
 30
0.0
 10
-62.465446
 20
34.817853
 30
0.0
 10
-61.260292
 20
34.129194
 30
0.0
  0
LWPOLYLINE
  5
349
100
AcDbEntity
  8
Layer_1
 62
7
100
AcDbPolyline
 90
6
 70
1
 10
-62.504119
 20
34.900684
 30
0.0
 10
-63.703092
 20
34.201319
 30
0.0
 10
-64.908246
 20
34.889978
 30
0.0
 10
-64.914419
 20
36.278002
 30
0.0
 10
-63.715446
 20
36.977364
 30
0.0
 10
-62.510292
 20
36.288705
 30
0.0
  0
LWPOLYLINE
  5
34a
100
AcDbEntity
  8
Layer_1
 62
7
100
AcDbPolyline
 90
6
 70
1
 10
-63.754119
 20
37.060195
 30
0.0
 10
-64.953092
 20
36.360832
 30
0.0
 10
-66.158246
 20
37.049491
 30
0.0
 10
-66.164419
 20
38.437513
 30
0.0
 10
-64.965446
 20
39.136877
 30
0.0
 10
-63.760292
 20
38.448218
 30
0.0
  0
LWPOLYLINE
  5
34b
100
AcDbEntity
  8
Layer_1
 62
7
100
AcDbPolyline
 90
6
 70
1
 10
-65.004119
 20
39.219706
 30
0.0
 10
-66.203092
 20
38.520343
 30
0.0
 10
-67.408246
 20
39.209002
 30
0.0
 10
-67.414419
 20
40.597024
 30
0.0
 10
-66.215446
 20
41.296388
 30
0.0
 10
-65.010294
 20
40.607729
 30
0.0
  0
LWPOLYLINE
  5
34c
100
AcDbEntity
  8
Layer_1
 62
7
100
AcDbPolyline
 90
6
 70
1
 10
-66.254121
 20
41.379218
 30
0.0
 10
-67.453092
 20
40.679855
 30
0.0
 10
-68.658246
 20
41.368514
 30
0.0
 10
-68.664419
 20
42.756536
 30
0.0
 10
-67.465446
 20
43.455900
 30
0.0
 10
-66.260294
 20
42.767241
 30
0.0
  0
LWPOLYLINE
  5
34d
100
AcDbEntity
  8
Layer_1
 62
7
100
AcDbPolyline
 90
6
 70
1
 10
-67.504121
 20
43.538731
 30
0.0
 10
-68.703092
 20
42.839367
 30
0.0
 10
-69.908246
 20
43.528026
 30
0.0
 10
-69.914418
 20
44.916048
 30
0.0
 10
-68.715446
 20
45.615412
 30
0.0
 10
-67.510294
 20
44.926753
 30
0.0
  0
LWPOLYLINE
  5
34e
100
AcDbEntity
  8
Layer_1
 62
7
100
AcDbPolyline
 90
6
 70
1
 10
-68.754121
 20
45.698243
 30
0.0
 10
-69.953093
 20
44.998879
 30
0.0
 10
-71.158245
 20
45.687538
 30
0.0
 10
-71.164418
 20
47.075560
 30
0.0
 10
-69.965446
 20
47.774924
 30
0.0
 10
-68.760293
 20
47.086265
 30
0.0
  0
LWPOLYLINE
  5
34f
100
AcDbEntity
  8
Layer_1
 62
7
100
AcDbPolyline
 90
6
 70
1
 10
-70.004120
 20
47.857754
 30
0.0
 10
-71.203093
 20
47.158390
 30
0.0
 10
-72.408245
 20
47.847049
 30
0.0
 10
-72.414418
 20
49.235071
 30
0.0
 10
-71.215446
 20
49.934435
 30
0.0
 10
-70.010293
 20
49.245776
 30
0.0
  0
LWPOLYLINE
  5
350
100
AcDbEntity
  8
Layer_1
 62
7
100
AcDbPolyline
 90
6
 70
1
 10
-71.254120
 20
50.017266
 30
0.0
 10
-72.453093
 20
49.317902
 30
0.0
 10
-73.658245
 20
50.006561
 30
0.0
 10
-73.664418
 20
51.394584
 30
0.0
 10
-72.465446
 20
52.093947
 30
0.0
 10
-71.260293
 20
51.405288
 30
0.0
  0
LWPOLYLINE
  5
351
100
AcDbEntity
  8
Layer_1
 62
7
100
AcDbPolyline
 90
6
 70
1
 10
-72.504119
 20
52.176778
 30
0.0
 10
-73.703091
 20
51.477414
 30
0.0
 10
-74.908245
 20
52.166073
 30
0.0
 10
-74.914418
 20
53.554096
 30
0.0
 10
-73.715446
 20
54.253459
 30
0.0
 10
-72.510292
 20
53.564801
 30
0.0
  0
LWPOLYLINE
  5
352
100
AcDbEntity
  8
Layer_1
 62
7
100
AcDbPolyline
 90
6
 70
1
 10
-45.004120
 20
0.348494
 30
0.0
 10
-46.203093
 20
-0.350871
 30
0.0
 10
-47.408247
 20
0.337788
 30
0.0
 10
-47.414420
 20
1.725812
 30
0.0
 10
-46.215447
 20
2.425174
 30
0.0
 10
-45.010293
 20
1.736515
 30
0.0
  0
LWPOLYLINE
  5
353
100
AcDbEntity
  8
Layer_1
 62
7
100
AcDbPolyline
 90
6
 70
1
 10
-46.254120
 20
2.508005
 30
0.0
 10
-47.453093
 20
1.808642
 30
0.0
 10
-48.658247
 20
2.497301
 30
0.0
 10
-48.664420
 20
3.885323
 30
0.0
 10
-47.465447
 20
4.584687
 30
0.0
 10
-46.260295
 20
3.896028
 30
0.0
  0
LWPOLYLINE
  5
354
100
AcDbEntity
  8
Layer_1
 62
7
100
AcDbPolyline
 90
6
 70
1
 10
-47.504120
 20
4.667516
 30
0.0
 10
-48.703093
 20
3.968153
 30
0.0
 10
-49.908245
 20
4.656812
 30
0.0
 10
-49.914418
 20
6.044834
 30
0.0
 10
-48.715445
 20
6.744198
 30
0.0
 10
-47.510293
 20
6.055539
 30
0.0
  0
LWPOLYLINE
  5
355
100
AcDbEntity
  8
Layer_1
 62
7
100
AcDbPolyline
 90
6
 70
1
 10
-48.754120
 20
6.827029
 30
0.0
 10
-49.953093
 20
6.127665
 30
0.0
 10
-51.158245
 20
6.816324
 30
0.0
 10
-51.164418
 20
8.204347
 30
0.0
 10
-49.965445
 20
8.903709
 30
0.0
 10
-48.760293
 20
8.215052
 30
0.0
  0
LWPOLYLINE
  5
356
100
AcDbEntity
  8
Layer_1
 62
7
100
AcDbPolyline
 90
6
 70
1
 10
-50.004120
 20
8.986542
 30
0.0
 10
-51.203093
 20
8.287177
 30
0.0
 10
-52.408245
 20
8.975836
 30
0.0
 10
-52.414418
 20
10.363858
 30
0.0
 10
-51.215447
 20
11.063222
 30
0.0
 10
-50.010293
 20
10.374563
 30
0.0
  0
LWPOLYLINE
  5
357
100
AcDbEntity
  8
Layer_1
 62
7
100
AcDbPolyline
 90
6
 70
1
 10
-51.254120
 20
11.146053
 30
0.0
 10
-52.453092
 20
10.446690
 30
0.0
 10
-53.658245
 20
11.135349
 30
0.0
 10
-53.664418
 20
12.523371
 30
0.0
 10
-52.465447
 20
13.222735
 30
0.0
 10
-51.260293
 20
12.534076
 30
0.0
  0
LWPOLYLINE
  5
358
100
AcDbEntity
  8
Layer_1
 62
7
100
AcDbPolyline
 90
6
 70
1
 10
-52.504120
 20
13.305566
 30
0.0
 10
-53.703092
 20
12.606201
 30
0.0
 10
-54.908246
 20
13.294860
 30
0.0
 10
-54.914419
 20
14.682884
 30
0.0
 10
-53.715447
 20
15.382246
 30
0.0
 10
-52.510293
 20
14.693587
 30
0.0
  0
LWPOLYLINE
  5
359
100
AcDbEntity
  8
Layer_1
 62
7
100
AcDbPolyline
 90
6
 70
1
 10
-53.754120
 20
15.465077
 30
0.0
 10
-54.953092
 20
14.765712
 30
0.0
 10
-56.158246
 20
15.454371
 30
0.0
 10
-56.164419
 20
16.842395
 30
0.0
 10
-54.965447
 20
17.541757
 30
0.0
 10
-53.760293
 20
16.853098
 30
0.0
  0
LWPOLYLINE
  5
35a
100
AcDbEntity
  8
Layer_1
 62
7
100
AcDbPolyline
 90
6
 70
1
 10
-55.004120
 20
17.624588
 30
0.0
 10
-56.203092
 20
16.925225
 30
0.0
 10
-57.408246
 20
17.613884
 30
0.0
 10
-57.414419
 20
19.001906
 30
0.0
 10
-56.215447
 20
19.701270
 30
0.0
 10
-55.010294
 20
19.012611
 30
0.0
  0
LWPOLYLINE
  5
35b
100
AcDbEntity
  8
Layer_1
 62
7
100
AcDbPolyline
 90
6
 70
1
 10
-56.254120
 20
19.784101
 30
0.0
 10
-57.453092
 20
19.084736
 30
0.0
 10
-58.658246
 20
19.773395
 30
0.0
 10
-58.664419
 20
21.161419
 30
0.0
 10
-57.465446
 20
21.860781
 30
0.0
 10
-56.260294
 20
21.172122
 30
0.0
  0
LWPOLYLINE
  5
35c
100
AcDbEntity
  8
Layer_1
 62
7
100
AcDbPolyline
 90
6
 70
1
 10
-57.504121
 20
21.943612
 30
0.0
 10
-58.703092
 20
21.244249
 30
0.0
 10
-59.908246
 20
21.932908
 30
0.0
 10
-59.914419
 20
23.320930
 30
0.0
 10
-58.715446
 20
24.020294
 30
0.0
 10
-57.510294
 20
23.331635
 30
0.0
  0
LWPOLYLINE
  5
35d
100
AcDbEntity
  8
Layer_1
 62
7
100
AcDbPolyline
 90
6
 70
1
 10
-58.754121
 20
24.103123
 30
0.0
 10
-59.953094
 20
23.403760
 30
0.0
 10
-61.158246
 20
24.092419
 30
0.0
 10
-61.164419
 20
25.480441
 30
0.0
 10
-59.965446
 20
26.179805
 30
0.0
 10
-58.760294
 20
25.491146
 30
0.0
  0
LWPOLYLINE
  5
35e
100
AcDbEntity
  8
Layer_1
 62
7
100
AcDbPolyline
 90
6
 70
1
 10
-60.004119
 20
26.262636
 30
0.0
 10
-61.203092
 20
25.563272
 30
0.0
 10
-62.408244
 20
26.251930
 30
0.0
 10
-62.414417
 20
27.639954
 30
0.0
 10
-61.215446
 20
28.339316
 30
0.0
 10
-60.010292
 20
27.650659
 30
0.0
  0
LWPOLYLINE
  5
35f
100
AcDbEntity
  8
Layer_1
 62
7
100
AcDbPolyline
 90
6
 70
1
 10
-61.254119
 20
28.422149
 30
0.0
 10
-62.453092
 20
27.722784
 30
0.0
 10
-63.658246
 20
28.411443
 30
0.0
 10
-63.664419
 20
29.799465
 30
0.0
 10
-62.465446
 20
30.498829
 30
0.0
 10
-61.260292
 20
29.810170
 30
0.0
  0
LWPOLYLINE
  5
360
100
AcDbEntity
  8
Layer_1
 62
7
100
AcDbPolyline
 90
6
 70
1
 10
-62.504119
 20
30.581660
 30
0.0
 10
-63.703092
 20
29.882297
 30
0.0
 10
-64.908246
 20
30.570956
 30
0.0
 10
-64.914419
 20
31.958978
 30
0.0
 10
-63.715446
 20
32.658342
 30
0.0
 10
-62.510292
 20
31.969683
 30
0.0
  0
LWPOLYLINE
  5
361
100
AcDbEntity
  8
Layer_1
 62
7
100
AcDbPolyline
 90
6
 70
1
 10
-63.754119
 20
32.741171
 30
0.0
 10
-64.953092
 20
32.041808
 30
0.0
 10
-66.158246
 20
32.730467
 30
0.0
 10
-66.164419
 20
34.118489
 30
0.0
 10
-64.965446
 20
34.817853
 30
0.0
 10
-63.760292
 20
34.129194
 30
0.0
  0
LWPOLYLINE
  5
362
100
AcDbEntity
  8
Layer_1
 62
7
100
AcDbPolyline
 90
6
 70
1
 10
-65.004119
 20
34.900684
 30
0.0
 10
-66.203092
 20
34.201319
 30
0.0
 10
-67.408246
 20
34.889978
 30
0.0
 10
-67.414419
 20
36.278002
 30
0.0
 10
-66.215446
 20
36.977364
 30
0.0
 10
-65.010294
 20
36.288705
 30
0.0
  0
LWPOLYLINE
  5
363
100
AcDbEntity
  8
Layer_1
 62
7
100
AcDbPolyline
 90
6
 70
1
 10
-66.254121
 20
37.060195
 30
0.0
 10
-67.453092
 20
36.360832
 30
0.0
 10
-68.658246
 20
37.049491
 30
0.0
 10
-68.664419
 20
38.437513
 30
0.0
 10
-67.465446
 20
39.136877
 30
0.0
 10
-66.260294
 20
38.448218
 30
0.0
  0
LWPOLYLINE
  5
364
100
AcDbEntity
  8
Layer_1
 62
7
100
AcDbPolyline
 90
6
 70
1
 10
-67.504121
 20
39.219706
 30
0.0
 10
-68.703092
 20
38.520343
 30
0.0
 10
-69.908246
 20
39.209002
 30
0.0
 10
-69.914418
 20
40.597024
 30
0.0
 10
-68.715446
 20
41.296388
 30
0.0
 10
-67.510294
 20
40.607729
 30
0.0
  0
LWPOLYLINE
  5
365
100
AcDbEntity
  8
Layer_1
 62
7
100
AcDbPolyline
 90
6
 70
1
 10
-68.754121
 20
41.379218
 30
0.0
 10
-69.953093
 20
40.679855
 30
0.0
 10
-71.158245
 20
41.368514
 30
0.0
 10
-71.164418
 20
42.756536
 30
0.0
 10
-69.965446
 20
43.455900
 30
0.0
 10
-68.760293
 20
42.767241
 30
0.0
  0
LWPOLYLINE
  5
366
100
AcDbEntity
  8
Layer_1
 62
7
100
AcDbPolyline
 90
6
 70
1
 10
-70.004120
 20
43.538731
 30
0.0
 10
-71.203093
 20
42.839367
 30
0.0
 10
-72.408245
 20
43.528026
 30
0.0
 10
-72.414418
 20
44.916048
 30
0.0
 10
-71.215446
 20
45.615412
 30
0.0
 10
-70.010293
 20
44.926753
 30
0.0
  0
LWPOLYLINE
  5
367
100
AcDbEntity
  8
Layer_1
 62
7
100
AcDbPolyline
 90
6
 70
1
 10
-71.254120
 20
45.698243
 30
0.0
 10
-72.453093
 20
44.998879
 30
0.0
 10
-73.658245
 20
45.687538
 30
0.0
 10
-73.664418
 20
47.075560
 30
0.0
 10
-72.465446
 20
47.774924
 30
0.0
 10
-71.260293
 20
47.086265
 30
0.0
  0
LWPOLYLINE
  5
368
100
AcDbEntity
  8
Layer_1
 62
7
100
AcDbPolyline
 90
6
 70
1
 10
-72.504119
 20
47.857754
 30
0.0
 10
-73.703091
 20
47.158390
 30
0.0
 10
-74.908245
 20
47.847049
 30
0.0
 10
-74.914418
 20
49.235071
 30
0.0
 10
-73.715446
 20
49.934435
 30
0.0
 10
-72.510292
 20
49.245776
 30
0.0
  0
LWPOLYLINE
  5
369
100
AcDbEntity
  8
Layer_1
 62
7
100
AcDbPolyline
 90
6
 70
1
 10
-73.754119
 20
50.017266
 30
0.0
 10
-74.953091
 20
49.317902
 30
0.0
 10
-76.158245
 20
50.006561
 30
0.0
 10
-76.164418
 20
51.394584
 30
0.0
 10
-74.965445
 20
52.093947
 30
0.0
 10
-73.760291
 20
51.405288
 30
0.0
  0
LWPOLYLINE
  5
36a
100
AcDbEntity
  8
Layer_1
 62
7
100
AcDbPolyline
 90
6
 70
1
 10
-75.004118
 20
52.176778
 30
0.0
 10
-76.203091
 20
51.477414
 30
0.0
 10
-77.408245
 20
52.166073
 30
0.0
 10
-77.414418
 20
53.554096
 30
0.0
 10
-76.215445
 20
54.253459
 30
0.0
 10
-75.010293
 20
53.564801
 30
0.0
  0
LWPOLYLINE
  5
36b
100
AcDbEntity
  8
Layer_1
 62
7
100
AcDbPolyline
 90
6
 70
1
 10
-47.504120
 20
0.348494
 30
0.0
 10
-48.703093
 20
-0.350871
 30
0.0
 10
-49.908245
 20
0.337788
 30
0.0
 10
-49.914418
 20
1.725812
 30
0.0
 10
-48.715445
 20
2.425174
 30
0.0
 10
-47.510293
 20
1.736515
 30
0.0
  0
LWPOLYLINE
  5
36c
100
AcDbEntity
  8
Layer_1
 62
7
100
AcDbPolyline
 90
6
 70
1
 10
-48.754120
 20
2.508005
 30
0.0
 10
-49.953093
 20
1.808642
 30
0.0
 10
-51.158245
 20
2.497301
 30
0.0
 10
-51.164418
 20
3.885323
 30
0.0
 10
-49.965445
 20
4.584687
 30
0.0
 10
-48.760293
 20
3.896028
 30
0.0
  0
LWPOLYLINE
  5
36d
100
AcDbEntity
  8
Layer_1
 62
7
100
AcDbPolyline
 90
6
 70
1
 10
-50.004120
 20
4.667516
 30
0.0
 10
-51.203093
 20
3.968153
 30
0.0
 10
-52.408245
 20
4.656812
 30
0.0
 10
-52.414418
 20
6.044834
 30
0.0
 10
-51.215447
 20
6.744198
 30
0.0
 10
-50.010293
 20
6.055539
 30
0.0
  0
LWPOLYLINE
  5
36e
100
AcDbEntity
  8
Layer_1
 62
7
100
AcDbPolyline
 90
6
 70
1
 10
-51.254120
 20
6.827029
 30
0.0
 10
-52.453092
 20
6.127665
 30
0.0
 10
-53.658245
 20
6.816324
 30
0.0
 10
-53.664418
 20
8.204347
 30
0.0
 10
-52.465447
 20
8.903709
 30
0.0
 10
-51.260293
 20
8.215052
 30
0.0
  0
LWPOLYLINE
  5
36f
100
AcDbEntity
  8
Layer_1
 62
7
100
AcDbPolyline
 90
6
 70
1
 10
-52.504120
 20
8.986542
 30
0.0
 10
-53.703092
 20
8.287177
 30
0.0
 10
-54.908246
 20
8.975836
 30
0.0
 10
-54.914419
 20
10.363858
 30
0.0
 10
-53.715447
 20
11.063222
 30
0.0
 10
-52.510293
 20
10.374563
 30
0.0
  0
LWPOLYLINE
  5
370
100
AcDbEntity
  8
Layer_1
 62
7
100
AcDbPolyline
 90
6
 70
1
 10
-53.754120
 20
11.146053
 30
0.0
 10
-54.953092
 20
10.446690
 30
0.0
 10
-56.158246
 20
11.135349
 30
0.0
 10
-56.164419
 20
12.523371
 30
0.0
 10
-54.965447
 20
13.222735
 30
0.0
 10
-53.760293
 20
12.534076
 30
0.0
  0
LWPOLYLINE
  5
371
100
AcDbEntity
  8
Layer_1
 62
7
100
AcDbPolyline
 90
6
 70
1
 10
-55.004120
 20
13.305566
 30
0.0
 10
-56.203092
 20
12.606201
 30
0.0
 10
-57.408246
 20
13.294860
 30
0.0
 10
-57.414419
 20
14.682884
 30
0.0
 10
-56.215447
 20
15.382246
 30
0.0
 10
-55.010294
 20
14.693587
 30
0.0
  0
LWPOLYLINE
  5
372
100
AcDbEntity
  8
Layer_1
 62
7
100
AcDbPolyline
 90
6
 70
1
 10
-56.254120
 20
15.465077
 30
0.0
 10
-57.453092
 20
14.765712
 30
0.0
 10
-58.658246
 20
15.454371
 30
0.0
 10
-58.664419
 20
16.842395
 30
0.0
 10
-57.465446
 20
17.541757
 30
0.0
 10
-56.260294
 20
16.853098
 30
0.0
  0
LWPOLYLINE
  5
373
100
AcDbEntity
  8
Layer_1
 62
7
100
AcDbPolyline
 90
6
 70
1
 10
-57.504121
 20
17.624588
 30
0.0
 10
-58.703092
 20
16.925225
 30
0.0
 10
-59.908246
 20
17.613884
 30
0.0
 10
-59.914419
 20
19.001906
 30
0.0
 10
-58.715446
 20
19.701270
 30
0.0
 10
-57.510294
 20
19.012611
 30
0.0
  0
LWPOLYLINE
  5
374
100
AcDbEntity
  8
Layer_1
 62
7
100
AcDbPolyline
 90
6
 70
1
 10
-58.754121
 20
19.784101
 30
0.0
 10
-59.953094
 20
19.084736
 30
0.0
 10
-61.158246
 20
19.773395
 30
0.0
 10
-61.164419
 20
21.161419
 30
0.0
 10
-59.965446
 20
21.860781
 30
0.0
 10
-58.760294
 20
21.172122
 30
0.0
  0
LWPOLYLINE
  5
375
100
AcDbEntity
  8
Layer_1
 62
7
100
AcDbPolyline
 90
6
 70
1
 10
-60.004119
 20
21.943612
 30
0.0
 10
-61.203092
 20
21.244249
 30
0.0
 10
-62.408244
 20
21.932908
 30
0.0
 10
-62.414417
 20
23.320930
 30
0.0
 10
-61.215446
 20
24.020294
 30
0.0
 10
-60.010292
 20
23.331635
 30
0.0
  0
LWPOLYLINE
  5
376
100
AcDbEntity
  8
Layer_1
 62
7
100
AcDbPolyline
 90
6
 70
1
 10
-61.254119
 20
24.103123
 30
0.0
 10
-62.453092
 20
23.403760
 30
0.0
 10
-63.658246
 20
24.092419
 30
0.0
 10
-63.664419
 20
25.480441
 30
0.0
 10
-62.465446
 20
26.179805
 30
0.0
 10
-61.260292
 20
25.491146
 30
0.0
  0
LWPOLYLINE
  5
377
100
AcDbEntity
  8
Layer_1
 62
7
100
AcDbPolyline
 90
6
 70
1
 10
-62.504119
 20
26.262636
 30
0.0
 10
-63.703092
 20
25.563272
 30
0.0
 10
-64.908246
 20
26.251930
 30
0.0
 10
-64.914419
 20
27.639954
 30
0.0
 10
-63.715446
 20
28.339316
 30
0.0
 10
-62.510292
 20
27.650659
 30
0.0
  0
LWPOLYLINE
  5
378
100
AcDbEntity
  8
Layer_1
 62
7
100
AcDbPolyline
 90
6
 70
1
 10
-63.754119
 20
28.422149
 30
0.0
 10
-64.953092
 20
27.722784
 30
0.0
 10
-66.158246
 20
28.411443
 30
0.0
 10
-66.164419
 20
29.799465
 30
0.0
 10
-64.965446
 20
30.498829
 30
0.0
 10
-63.760292
 20
29.810170
 30
0.0
  0
LWPOLYLINE
  5
379
100
AcDbEntity
  8
Layer_1
 62
7
100
AcDbPolyline
 90
6
 70
1
 10
-65.004119
 20
30.581660
 30
0.0
 10
-66.203092
 20
29.882297
 30
0.0
 10
-67.408246
 20
30.570956
 30
0.0
 10
-67.414419
 20
31.958978
 30
0.0
 10
-66.215446
 20
32.658342
 30
0.0
 10
-65.010294
 20
31.969683
 30
0.0
  0
LWPOLYLINE
  5
37a
100
AcDbEntity
  8
Layer_1
 62
7
100
AcDbPolyline
 90
6
 70
1
 10
-66.254121
 20
32.741171
 30
0.0
 10
-67.453092
 20
32.041808
 30
0.0
 10
-68.658246
 20
32.730467
 30
0.0
 10
-68.664419
 20
34.118489
 30
0.0
 10
-67.465446
 20
34.817853
 30
0.0
 10
-66.260294
 20
34.129194
 30
0.0
  0
LWPOLYLINE
  5
37b
100
AcDbEntity
  8
Layer_1
 62
7
100
AcDbPolyline
 90
6
 70
1
 10
-67.504121
 20
34.900684
 30
0.0
 10
-68.703092
 20
34.201319
 30
0.0
 10
-69.908246
 20
34.889978
 30
0.0
 10
-69.914418
 20
36.278002
 30
0.0
 10
-68.715446
 20
36.977364
 30
0.0
 10
-67.510294
 20
36.288705
 30
0.0
  0
LWPOLYLINE
  5
37c
100
AcDbEntity
  8
Layer_1
 62
7
100
AcDbPolyline
 90
6
 70
1
 10
-68.754121
 20
37.060195
 30
0.0
 10
-69.953093
 20
36.360832
 30
0.0
 10
-71.158245
 20
37.049491
 30
0.0
 10
-71.164418
 20
38.437513
 30
0.0
 10
-69.965446
 20
39.136877
 30
0.0
 10
-68.760293
 20
38.448218
 30
0.0
  0
LWPOLYLINE
  5
37d
100
AcDbEntity
  8
Layer_1
 62
7
100
AcDbPolyline
 90
6
 70
1
 10
-70.004120
 20
39.219706
 30
0.0
 10
-71.203093
 20
38.520343
 30
0.0
 10
-72.408245
 20
39.209002
 30
0.0
 10
-72.414418
 20
40.597024
 30
0.0
 10
-71.215446
 20
41.296388
 30
0.0
 10
-70.010293
 20
40.607729
 30
0.0
  0
LWPOLYLINE
  5
37e
100
AcDbEntity
  8
Layer_1
 62
7
100
AcDbPolyline
 90
6
 70
1
 10
-71.254120
 20
41.379218
 30
0.0
 10
-72.453093
 20
40.679855
 30
0.0
 10
-73.658245
 20
41.368514
 30
0.0
 10
-73.664418
 20
42.756536
 30
0.0
 10
-72.465446
 20
43.455900
 30
0.0
 10
-71.260293
 20
42.767241
 30
0.0
  0
LWPOLYLINE
  5
37f
100
AcDbEntity
  8
Layer_1
 62
7
100
AcDbPolyline
 90
6
 70
1
 10
-72.504119
 20
43.538731
 30
0.0
 10
-73.703091
 20
42.839367
 30
0.0
 10
-74.908245
 20
43.528026
 30
0.0
 10
-74.914418
 20
44.916048
 30
0.0
 10
-73.715446
 20
45.615412
 30
0.0
 10
-72.510292
 20
44.926753
 30
0.0
  0
LWPOLYLINE
  5
380
100
AcDbEntity
  8
Layer_1
 62
7
100
AcDbPolyline
 90
6
 70
1
 10
-73.754119
 20
45.698243
 30
0.0
 10
-74.953091
 20
44.998879
 30
0.0
 10
-76.158245
 20
45.687538
 30
0.0
 10
-76.164418
 20
47.075560
 30
0.0
 10
-74.965445
 20
47.774924
 30
0.0
 10
-73.760291
 20
47.086265
 30
0.0
  0
LWPOLYLINE
  5
381
100
AcDbEntity
  8
Layer_1
 62
7
100
AcDbPolyline
 90
6
 70
1
 10
-75.004118
 20
47.857754
 30
0.0
 10
-76.203091
 20
47.158390
 30
0.0
 10
-77.408245
 20
47.847049
 30
0.0
 10
-77.414418
 20
49.235071
 30
0.0
 10
-76.215445
 20
49.934435
 30
0.0
 10
-75.010293
 20
49.245776
 30
0.0
  0
LWPOLYLINE
  5
382
100
AcDbEntity
  8
Layer_1
 62
7
100
AcDbPolyline
 90
6
 70
1
 10
-76.254120
 20
50.017266
 30
0.0
 10
-77.453091
 20
49.317902
 30
0.0
 10
-78.658245
 20
50.006561
 30
0.0
 10
-78.664418
 20
51.394584
 30
0.0
 10
-77.465445
 20
52.093947
 30
0.0
 10
-76.260293
 20
51.405288
 30
0.0
  0
LWPOLYLINE
  5
383
100
AcDbEntity
  8
Layer_1
 62
7
100
AcDbPolyline
 90
6
 70
1
 10
-77.504120
 20
52.176778
 30
0.0
 10
-78.703093
 20
51.477414
 30
0.0
 10
-79.908245
 20
52.166073
 30
0.0
 10
-79.914418
 20
53.554096
 30
0.0
 10
-78.715445
 20
54.253459
 30
0.0
 10
-77.510293
 20
53.564801
 30
0.0
  0
LWPOLYLINE
  5
384
100
AcDbEntity
  8
Layer_1
 62
7
100
AcDbPolyline
 90
6
 70
1
 10
-50.004120
 20
0.348494
 30
0.0
 10
-51.203093
 20
-0.350871
 30
0.0
 10
-52.408245
 20
0.337788
 30
0.0
 10
-52.414418
 20
1.725812
 30
0.0
 10
-51.215447
 20
2.425174
 30
0.0
 10
-50.010293
 20
1.736515
 30
0.0
  0
LWPOLYLINE
  5
385
100
AcDbEntity
  8
Layer_1
 62
7
100
AcDbPolyline
 90
6
 70
1
 10
-51.254120
 20
2.508005
 30
0.0
 10
-52.453092
 20
1.808642
 30
0.0
 10
-53.658245
 20
2.497301
 30
0.0
 10
-53.664418
 20
3.885323
 30
0.0
 10
-52.465447
 20
4.584687
 30
0.0
 10
-51.260293
 20
3.896028
 30
0.0
  0
LWPOLYLINE
  5
386
100
AcDbEntity
  8
Layer_1
 62
7
100
AcDbPolyline
 90
6
 70
1
 10
-52.504120
 20
4.667516
 30
0.0
 10
-53.703092
 20
3.968153
 30
0.0
 10
-54.908246
 20
4.656812
 30
0.0
 10
-54.914419
 20
6.044834
 30
0.0
 10
-53.715447
 20
6.744198
 30
0.0
 10
-52.510293
 20
6.055539
 30
0.0
  0
LWPOLYLINE
  5
387
100
AcDbEntity
  8
Layer_1
 62
7
100
AcDbPolyline
 90
6
 70
1
 10
-53.754120
 20
6.827029
 30
0.0
 10
-54.953092
 20
6.127665
 30
0.0
 10
-56.158246
 20
6.816324
 30
0.0
 10
-56.164419
 20
8.204347
 30
0.0
 10
-54.965447
 20
8.903709
 30
0.0
 10
-53.760293
 20
8.215052
 30
0.0
  0
LWPOLYLINE
  5
388
100
AcDbEntity
  8
Layer_1
 62
7
100
AcDbPolyline
 90
6
 70
1
 10
-55.004120
 20
8.986542
 30
0.0
 10
-56.203092
 20
8.287177
 30
0.0
 10
-57.408246
 20
8.975836
 30
0.0
 10
-57.414419
 20
10.363858
 30
0.0
 10
-56.215447
 20
11.063222
 30
0.0
 10
-55.010294
 20
10.374563
 30
0.0
  0
LWPOLYLINE
  5
389
100
AcDbEntity
  8
Layer_1
 62
7
100
AcDbPolyline
 90
6
 70
1
 10
-56.254120
 20
11.146053
 30
0.0
 10
-57.453092
 20
10.446690
 30
0.0
 10
-58.658246
 20
11.135349
 30
0.0
 10
-58.664419
 20
12.523371
 30
0.0
 10
-57.465446
 20
13.222735
 30
0.0
 10
-56.260294
 20
12.534076
 30
0.0
  0
LWPOLYLINE
  5
38a
100
AcDbEntity
  8
Layer_1
 62
7
100
AcDbPolyline
 90
6
 70
1
 10
-57.504121
 20
13.305566
 30
0.0
 10
-58.703092
 20
12.606201
 30
0.0
 10
-59.908246
 20
13.294860
 30
0.0
 10
-59.914419
 20
14.682884
 30
0.0
 10
-58.715446
 20
15.382246
 30
0.0
 10
-57.510294
 20
14.693587
 30
0.0
  0
LWPOLYLINE
  5
38b
100
AcDbEntity
  8
Layer_1
 62
7
100
AcDbPolyline
 90
6
 70
1
 10
-58.754121
 20
15.465077
 30
0.0
 10
-59.953094
 20
14.765712
 30
0.0
 10
-61.158246
 20
15.454371
 30
0.0
 10
-61.164419
 20
16.842395
 30
0.0
 10
-59.965446
 20
17.541757
 30
0.0
 10
-58.760294
 20
16.853098
 30
0.0
  0
LWPOLYLINE
  5
38c
100
AcDbEntity
  8
Layer_1
 62
7
100
AcDbPolyline
 90
6
 70
1
 10
-60.004119
 20
17.624588
 30
0.0
 10
-61.203092
 20
16.925225
 30
0.0
 10
-62.408244
 20
17.613884
 30
0.0
 10
-62.414417
 20
19.001906
 30
0.0
 10
-61.215446
 20
19.701270
 30
0.0
 10
-60.010292
 20
19.012611
 30
0.0
  0
LWPOLYLINE
  5
38d
100
AcDbEntity
  8
Layer_1
 62
7
100
AcDbPolyline
 90
6
 70
1
 10
-61.254119
 20
19.784101
 30
0.0
 10
-62.453092
 20
19.084736
 30
0.0
 10
-63.658246
 20
19.773395
 30
0.0
 10
-63.664419
 20
21.161419
 30
0.0
 10
-62.465446
 20
21.860781
 30
0.0
 10
-61.260292
 20
21.172122
 30
0.0
  0
LWPOLYLINE
  5
38e
100
AcDbEntity
  8
Layer_1
 62
7
100
AcDbPolyline
 90
6
 70
1
 10
-62.504119
 20
21.943612
 30
0.0
 10
-63.703092
 20
21.244249
 30
0.0
 10
-64.908246
 20
21.932908
 30
0.0
 10
-64.914419
 20
23.320930
 30
0.0
 10
-63.715446
 20
24.020294
 30
0.0
 10
-62.510292
 20
23.331635
 30
0.0
  0
LWPOLYLINE
  5
38f
100
AcDbEntity
  8
Layer_1
 62
7
100
AcDbPolyline
 90
6
 70
1
 10
-63.754119
 20
24.103123
 30
0.0
 10
-64.953092
 20
23.403760
 30
0.0
 10
-66.158246
 20
24.092419
 30
0.0
 10
-66.164419
 20
25.480441
 30
0.0
 10
-64.965446
 20
26.179805
 30
0.0
 10
-63.760292
 20
25.491146
 30
0.0
  0
LWPOLYLINE
  5
390
100
AcDbEntity
  8
Layer_1
 62
7
100
AcDbPolyline
 90
6
 70
1
 10
-65.004119
 20
26.262636
 30
0.0
 10
-66.203092
 20
25.563272
 30
0.0
 10
-67.408246
 20
26.251930
 30
0.0
 10
-67.414419
 20
27.639954
 30
0.0
 10
-66.215446
 20
28.339316
 30
0.0
 10
-65.010294
 20
27.650659
 30
0.0
  0
LWPOLYLINE
  5
391
100
AcDbEntity
  8
Layer_1
 62
7
100
AcDbPolyline
 90
6
 70
1
 10
-66.254121
 20
28.422149
 30
0.0
 10
-67.453092
 20
27.722784
 30
0.0
 10
-68.658246
 20
28.411443
 30
0.0
 10
-68.664419
 20
29.799465
 30
0.0
 10
-67.465446
 20
30.498829
 30
0.0
 10
-66.260294
 20
29.810170
 30
0.0
  0
LWPOLYLINE
  5
392
100
AcDbEntity
  8
Layer_1
 62
7
100
AcDbPolyline
 90
6
 70
1
 10
-67.504121
 20
30.581660
 30
0.0
 10
-68.703092
 20
29.882297
 30
0.0
 10
-69.908246
 20
30.570956
 30
0.0
 10
-69.914418
 20
31.958978
 30
0.0
 10
-68.715446
 20
32.658342
 30
0.0
 10
-67.510294
 20
31.969683
 30
0.0
  0
LWPOLYLINE
  5
393
100
AcDbEntity
  8
Layer_1
 62
7
100
AcDbPolyline
 90
6
 70
1
 10
-68.754121
 20
32.741171
 30
0.0
 10
-69.953093
 20
32.041808
 30
0.0
 10
-71.158245
 20
32.730467
 30
0.0
 10
-71.164418
 20
34.118489
 30
0.0
 10
-69.965446
 20
34.817853
 30
0.0
 10
-68.760293
 20
34.129194
 30
0.0
  0
LWPOLYLINE
  5
394
100
AcDbEntity
  8
Layer_1
 62
7
100
AcDbPolyline
 90
6
 70
1
 10
-70.004120
 20
34.900684
 30
0.0
 10
-71.203093
 20
34.201319
 30
0.0
 10
-72.408245
 20
34.889978
 30
0.0
 10
-72.414418
 20
36.278002
 30
0.0
 10
-71.215446
 20
36.977364
 30
0.0
 10
-70.010293
 20
36.288705
 30
0.0
  0
LWPOLYLINE
  5
395
100
AcDbEntity
  8
Layer_1
 62
7
100
AcDbPolyline
 90
6
 70
1
 10
-71.254120
 20
37.060195
 30
0.0
 10
-72.453093
 20
36.360832
 30
0.0
 10
-73.658245
 20
37.049491
 30
0.0
 10
-73.664418
 20
38.437513
 30
0.0
 10
-72.465446
 20
39.136877
 30
0.0
 10
-71.260293
 20
38.448218
 30
0.0
  0
LWPOLYLINE
  5
396
100
AcDbEntity
  8
Layer_1
 62
7
100
AcDbPolyline
 90
6
 70
1
 10
-72.504119
 20
39.219706
 30
0.0
 10
-73.703091
 20
38.520343
 30
0.0
 10
-74.908245
 20
39.209002
 30
0.0
 10
-74.914418
 20
40.597024
 30
0.0
 10
-73.715446
 20
41.296388
 30
0.0
 10
-72.510292
 20
40.607729
 30
0.0
  0
LWPOLYLINE
  5
397
100
AcDbEntity
  8
Layer_1
 62
7
100
AcDbPolyline
 90
6
 70
1
 10
-73.754119
 20
41.379218
 30
0.0
 10
-74.953091
 20
40.679855
 30
0.0
 10
-76.158245
 20
41.368514
 30
0.0
 10
-76.164418
 20
42.756536
 30
0.0
 10
-74.965445
 20
43.455900
 30
0.0
 10
-73.760291
 20
42.767241
 30
0.0
  0
LWPOLYLINE
  5
398
100
AcDbEntity
  8
Layer_1
 62
7
100
AcDbPolyline
 90
6
 70
1
 10
-75.004118
 20
43.538731
 30
0.0
 10
-76.203091
 20
42.839367
 30
0.0
 10
-77.408245
 20
43.528026
 30
0.0
 10
-77.414418
 20
44.916048
 30
0.0
 10
-76.215445
 20
45.615412
 30
0.0
 10
-75.010293
 20
44.926753
 30
0.0
  0
LWPOLYLINE
  5
399
100
AcDbEntity
  8
Layer_1
 62
7
100
AcDbPolyline
 90
6
 70
1
 10
-76.254120
 20
45.698243
 30
0.0
 10
-77.453091
 20
44.998879
 30
0.0
 10
-78.658245
 20
45.687538
 30
0.0
 10
-78.664418
 20
47.075560
 30
0.0
 10
-77.465445
 20
47.774924
 30
0.0
 10
-76.260293
 20
47.086265
 30
0.0
  0
LWPOLYLINE
  5
39a
100
AcDbEntity
  8
Layer_1
 62
7
100
AcDbPolyline
 90
6
 70
1
 10
-77.504120
 20
47.857754
 30
0.0
 10
-78.703093
 20
47.158390
 30
0.0
 10
-79.908245
 20
47.847049
 30
0.0
 10
-79.914418
 20
49.235071
 30
0.0
 10
-78.715445
 20
49.934435
 30
0.0
 10
-77.510293
 20
49.245776
 30
0.0
  0
LWPOLYLINE
  5
39b
100
AcDbEntity
  8
Layer_1
 62
7
100
AcDbPolyline
 90
6
 70
1
 10
-78.754120
 20
50.017266
 30
0.0
 10
-79.953093
 20
49.317902
 30
0.0
 10
-81.158245
 20
50.006561
 30
0.0
 10
-81.164418
 20
51.394584
 30
0.0
 10
-79.965445
 20
52.093947
 30
0.0
 10
-78.760293
 20
51.405288
 30
0.0
  0
LWPOLYLINE
  5
39c
100
AcDbEntity
  8
Layer_1
 62
7
100
AcDbPolyline
 90
6
 70
1
 10
-80.004120
 20
52.176778
 30
0.0
 10
-81.203093
 20
51.477414
 30
0.0
 10
-82.408245
 20
52.166073
 30
0.0
 10
-82.414418
 20
53.554096
 30
0.0
 10
-81.215445
 20
54.253459
 30
0.0
 10
-80.010293
 20
53.564801
 30
0.0
  0
LWPOLYLINE
  5
39d
100
AcDbEntity
  8
Layer_1
 62
7
100
AcDbPolyline
 90
6
 70
1
 10
-52.504120
 20
0.348494
 30
0.0
 10
-53.703092
 20
-0.350871
 30
0.0
 10
-54.908246
 20
0.337788
 30
0.0
 10
-54.914419
 20
1.725812
 30
0.0
 10
-53.715447
 20
2.425174
 30
0.0
 10
-52.510293
 20
1.736515
 30
0.0
  0
LWPOLYLINE
  5
39e
100
AcDbEntity
  8
Layer_1
 62
7
100
AcDbPolyline
 90
6
 70
1
 10
-53.754120
 20
2.508005
 30
0.0
 10
-54.953092
 20
1.808642
 30
0.0
 10
-56.158246
 20
2.497301
 30
0.0
 10
-56.164419
 20
3.885323
 30
0.0
 10
-54.965447
 20
4.584687
 30
0.0
 10
-53.760293
 20
3.896028
 30
0.0
  0
LWPOLYLINE
  5
39f
100
AcDbEntity
  8
Layer_1
 62
7
100
AcDbPolyline
 90
6
 70
1
 10
-55.004120
 20
4.667516
 30
0.0
 10
-56.203092
 20
3.968153
 30
0.0
 10
-57.408246
 20
4.656812
 30
0.0
 10
-57.414419
 20
6.044834
 30
0.0
 10
-56.215447
 20
6.744198
 30
0.0
 10
-55.010294
 20
6.055539
 30
0.0
  0
LWPOLYLINE
  5
3a0
100
AcDbEntity
  8
Layer_1
 62
7
100
AcDbPolyline
 90
6
 70
1
 10
-56.254120
 20
6.827029
 30
0.0
 10
-57.453092
 20
6.127665
 30
0.0
 10
-58.658246
 20
6.816324
 30
0.0
 10
-58.664419
 20
8.204347
 30
0.0
 10
-57.465446
 20
8.903709
 30
0.0
 10
-56.260294
 20
8.215052
 30
0.0
  0
LWPOLYLINE
  5
3a1
100
AcDbEntity
  8
Layer_1
 62
7
100
AcDbPolyline
 90
6
 70
1
 10
-57.504121
 20
8.986542
 30
0.0
 10
-58.703092
 20
8.287177
 30
0.0
 10
-59.908246
 20
8.975836
 30
0.0
 10
-59.914419
 20
10.363858
 30
0.0
 10
-58.715446
 20
11.063222
 30
0.0
 10
-57.510294
 20
10.374563
 30
0.0
  0
LWPOLYLINE
  5
3a2
100
AcDbEntity
  8
Layer_1
 62
7
100
AcDbPolyline
 90
6
 70
1
 10
-58.754121
 20
11.146053
 30
0.0
 10
-59.953094
 20
10.446690
 30
0.0
 10
-61.158246
 20
11.135349
 30
0.0
 10
-61.164419
 20
12.523371
 30
0.0
 10
-59.965446
 20
13.222735
 30
0.0
 10
-58.760294
 20
12.534076
 30
0.0
  0
LWPOLYLINE
  5
3a3
100
AcDbEntity
  8
Layer_1
 62
7
100
AcDbPolyline
 90
6
 70
1
 10
-60.004119
 20
13.305566
 30
0.0
 10
-61.203092
 20
12.606201
 30
0.0
 10
-62.408244
 20
13.294860
 30
0.0
 10
-62.414417
 20
14.682884
 30
0.0
 10
-61.215446
 20
15.382246
 30
0.0
 10
-60.010292
 20
14.693587
 30
0.0
  0
LWPOLYLINE
  5
3a4
100
AcDbEntity
  8
Layer_1
 62
7
100
AcDbPolyline
 90
6
 70
1
 10
-61.254119
 20
15.465077
 30
0.0
 10
-62.453092
 20
14.765712
 30
0.0
 10
-63.658246
 20
15.454371
 30
0.0
 10
-63.664419
 20
16.842395
 30
0.0
 10
-62.465446
 20
17.541757
 30
0.0
 10
-61.260292
 20
16.853098
 30
0.0
  0
LWPOLYLINE
  5
3a5
100
AcDbEntity
  8
Layer_1
 62
7
100
AcDbPolyline
 90
6
 70
1
 10
-62.504119
 20
17.624588
 30
0.0
 10
-63.703092
 20
16.925225
 30
0.0
 10
-64.908246
 20
17.613884
 30
0.0
 10
-64.914419
 20
19.001906
 30
0.0
 10
-63.715446
 20
19.701270
 30
0.0
 10
-62.510292
 20
19.012611
 30
0.0
  0
LWPOLYLINE
  5
3a6
100
AcDbEntity
  8
Layer_1
 62
7
100
AcDbPolyline
 90
6
 70
1
 10
-63.754119
 20
19.784101
 30
0.0
 10
-64.953092
 20
19.084736
 30
0.0
 10
-66.158246
 20
19.773395
 30
0.0
 10
-66.164419
 20
21.161419
 30
0.0
 10
-64.965446
 20
21.860781
 30
0.0
 10
-63.760292
 20
21.172122
 30
0.0
  0
LWPOLYLINE
  5
3a7
100
AcDbEntity
  8
Layer_1
 62
7
100
AcDbPolyline
 90
6
 70
1
 10
-65.004119
 20
21.943612
 30
0.0
 10
-66.203092
 20
21.244249
 30
0.0
 10
-67.408246
 20
21.932908
 30
0.0
 10
-67.414419
 20
23.320930
 30
0.0
 10
-66.215446
 20
24.020294
 30
0.0
 10
-65.010294
 20
23.331635
 30
0.0
  0
LWPOLYLINE
  5
3a8
100
AcDbEntity
  8
Layer_1
 62
7
100
AcDbPolyline
 90
6
 70
1
 10
-66.254121
 20
24.103123
 30
0.0
 10
-67.453092
 20
23.403760
 30
0.0
 10
-68.658246
 20
24.092419
 30
0.0
 10
-68.664419
 20
25.480441
 30
0.0
 10
-67.465446
 20
26.179805
 30
0.0
 10
-66.260294
 20
25.491146
 30
0.0
  0
LWPOLYLINE
  5
3a9
100
AcDbEntity
  8
Layer_1
 62
7
100
AcDbPolyline
 90
6
 70
1
 10
-67.504121
 20
26.262636
 30
0.0
 10
-68.703092
 20
25.563272
 30
0.0
 10
-69.908246
 20
26.251930
 30
0.0
 10
-69.914418
 20
27.639954
 30
0.0
 10
-68.715446
 20
28.339316
 30
0.0
 10
-67.510294
 20
27.650659
 30
0.0
  0
LWPOLYLINE
  5
3aa
100
AcDbEntity
  8
Layer_1
 62
7
100
AcDbPolyline
 90
6
 70
1
 10
-68.754121
 20
28.422149
 30
0.0
 10
-69.953093
 20
27.722784
 30
0.0
 10
-71.158245
 20
28.411443
 30
0.0
 10
-71.164418
 20
29.799465
 30
0.0
 10
-69.965446
 20
30.498829
 30
0.0
 10
-68.760293
 20
29.810170
 30
0.0
  0
LWPOLYLINE
  5
3ab
100
AcDbEntity
  8
Layer_1
 62
7
100
AcDbPolyline
 90
6
 70
1
 10
-70.004120
 20
30.581660
 30
0.0
 10
-71.203093
 20
29.882297
 30
0.0
 10
-72.408245
 20
30.570956
 30
0.0
 10
-72.414418
 20
31.958978
 30
0.0
 10
-71.215446
 20
32.658342
 30
0.0
 10
-70.010293
 20
31.969683
 30
0.0
  0
LWPOLYLINE
  5
3ac
100
AcDbEntity
  8
Layer_1
 62
7
100
AcDbPolyline
 90
6
 70
1
 10
-71.254120
 20
32.741171
 30
0.0
 10
-72.453093
 20
32.041808
 30
0.0
 10
-73.658245
 20
32.730467
 30
0.0
 10
-73.664418
 20
34.118489
 30
0.0
 10
-72.465446
 20
34.817853
 30
0.0
 10
-71.260293
 20
34.129194
 30
0.0
  0
LWPOLYLINE
  5
3ad
100
AcDbEntity
  8
Layer_1
 62
7
100
AcDbPolyline
 90
6
 70
1
 10
-72.504119
 20
34.900684
 30
0.0
 10
-73.703091
 20
34.201319
 30
0.0
 10
-74.908245
 20
34.889978
 30
0.0
 10
-74.914418
 20
36.278002
 30
0.0
 10
-73.715446
 20
36.977364
 30
0.0
 10
-72.510292
 20
36.288705
 30
0.0
  0
LWPOLYLINE
  5
3ae
100
AcDbEntity
  8
Layer_1
 62
7
100
AcDbPolyline
 90
6
 70
1
 10
-73.754119
 20
37.060195
 30
0.0
 10
-74.953091
 20
36.360832
 30
0.0
 10
-76.158245
 20
37.049491
 30
0.0
 10
-76.164418
 20
38.437513
 30
0.0
 10
-74.965445
 20
39.136877
 30
0.0
 10
-73.760291
 20
38.448218
 30
0.0
  0
LWPOLYLINE
  5
3af
100
AcDbEntity
  8
Layer_1
 62
7
100
AcDbPolyline
 90
6
 70
1
 10
-75.004118
 20
39.219706
 30
0.0
 10
-76.203091
 20
38.520343
 30
0.0
 10
-77.408245
 20
39.209002
 30
0.0
 10
-77.414418
 20
40.597024
 30
0.0
 10
-76.215445
 20
41.296388
 30
0.0
 10
-75.010293
 20
40.607729
 30
0.0
  0
LWPOLYLINE
  5
3b0
100
AcDbEntity
  8
Layer_1
 62
7
100
AcDbPolyline
 90
6
 70
1
 10
-76.254120
 20
41.379218
 30
0.0
 10
-77.453091
 20
40.679855
 30
0.0
 10
-78.658245
 20
41.368514
 30
0.0
 10
-78.664418
 20
42.756536
 30
0.0
 10
-77.465445
 20
43.455900
 30
0.0
 10
-76.260293
 20
42.767241
 30
0.0
  0
LWPOLYLINE
  5
3b1
100
AcDbEntity
  8
Layer_1
 62
7
100
AcDbPolyline
 90
6
 70
1
 10
-77.504120
 20
43.538731
 30
0.0
 10
-78.703093
 20
42.839367
 30
0.0
 10
-79.908245
 20
43.528026
 30
0.0
 10
-79.914418
 20
44.916048
 30
0.0
 10
-78.715445
 20
45.615412
 30
0.0
 10
-77.510293
 20
44.926753
 30
0.0
  0
LWPOLYLINE
  5
3b2
100
AcDbEntity
  8
Layer_1
 62
7
100
AcDbPolyline
 90
6
 70
1
 10
-78.754120
 20
45.698243
 30
0.0
 10
-79.953093
 20
44.998879
 30
0.0
 10
-81.158245
 20
45.687538
 30
0.0
 10
-81.164418
 20
47.075560
 30
0.0
 10
-79.965445
 20
47.774924
 30
0.0
 10
-78.760293
 20
47.086265
 30
0.0
  0
LWPOLYLINE
  5
3b3
100
AcDbEntity
  8
Layer_1
 62
7
100
AcDbPolyline
 90
6
 70
1
 10
-80.004120
 20
47.857754
 30
0.0
 10
-81.203093
 20
47.158390
 30
0.0
 10
-82.408245
 20
47.847049
 30
0.0
 10
-82.414418
 20
49.235071
 30
0.0
 10
-81.215445
 20
49.934435
 30
0.0
 10
-80.010293
 20
49.245776
 30
0.0
  0
LWPOLYLINE
  5
3b4
100
AcDbEntity
  8
Layer_1
 62
7
100
AcDbPolyline
 90
6
 70
1
 10
-81.254120
 20
50.017266
 30
0.0
 10
-82.453092
 20
49.317902
 30
0.0
 10
-83.658245
 20
50.006561
 30
0.0
 10
-83.664418
 20
51.394584
 30
0.0
 10
-82.465445
 20
52.093947
 30
0.0
 10
-81.260293
 20
51.405288
 30
0.0
  0
LWPOLYLINE
  5
3b5
100
AcDbEntity
  8
Layer_1
 62
7
100
AcDbPolyline
 90
6
 70
1
 10
-82.504120
 20
52.176778
 30
0.0
 10
-83.703092
 20
51.477414
 30
0.0
 10
-84.908245
 20
52.166073
 30
0.0
 10
-84.914418
 20
53.554096
 30
0.0
 10
-83.715445
 20
54.253459
 30
0.0
 10
-82.510293
 20
53.564801
 30
0.0
  0
LWPOLYLINE
  5
3b6
100
AcDbEntity
  8
Layer_1
 62
7
100
AcDbPolyline
 90
6
 70
1
 10
-55.004120
 20
0.348494
 30
0.0
 10
-56.203092
 20
-0.350871
 30
0.0
 10
-57.408246
 20
0.337788
 30
0.0
 10
-57.414419
 20
1.725812
 30
0.0
 10
-56.215447
 20
2.425174
 30
0.0
 10
-55.010294
 20
1.736515
 30
0.0
  0
LWPOLYLINE
  5
3b7
100
AcDbEntity
  8
Layer_1
 62
7
100
AcDbPolyline
 90
6
 70
1
 10
-56.254120
 20
2.508005
 30
0.0
 10
-57.453092
 20
1.808642
 30
0.0
 10
-58.658246
 20
2.497301
 30
0.0
 10
-58.664419
 20
3.885323
 30
0.0
 10
-57.465446
 20
4.584687
 30
0.0
 10
-56.260294
 20
3.896028
 30
0.0
  0
LWPOLYLINE
  5
3b8
100
AcDbEntity
  8
Layer_1
 62
7
100
AcDbPolyline
 90
6
 70
1
 10
-57.504121
 20
4.667516
 30
0.0
 10
-58.703092
 20
3.968153
 30
0.0
 10
-59.908246
 20
4.656812
 30
0.0
 10
-59.914419
 20
6.044834
 30
0.0
 10
-58.715446
 20
6.744198
 30
0.0
 10
-57.510294
 20
6.055539
 30
0.0
  0
LWPOLYLINE
  5
3b9
100
AcDbEntity
  8
Layer_1
 62
7
100
AcDbPolyline
 90
6
 70
1
 10
-58.754121
 20
6.827029
 30
0.0
 10
-59.953094
 20
6.127665
 30
0.0
 10
-61.158246
 20
6.816324
 30
0.0
 10
-61.164419
 20
8.204347
 30
0.0
 10
-59.965446
 20
8.903709
 30
0.0
 10
-58.760294
 20
8.215052
 30
0.0
  0
LWPOLYLINE
  5
3ba
100
AcDbEntity
  8
Layer_1
 62
7
100
AcDbPolyline
 90
6
 70
1
 10
-60.004119
 20
8.986542
 30
0.0
 10
-61.203092
 20
8.287177
 30
0.0
 10
-62.408244
 20
8.975836
 30
0.0
 10
-62.414417
 20
10.363858
 30
0.0
 10
-61.215446
 20
11.063222
 30
0.0
 10
-60.010292
 20
10.374563
 30
0.0
  0
LWPOLYLINE
  5
3bb
100
AcDbEntity
  8
Layer_1
 62
7
100
AcDbPolyline
 90
6
 70
1
 10
-61.254119
 20
11.146053
 30
0.0
 10
-62.453092
 20
10.446690
 30
0.0
 10
-63.658246
 20
11.135349
 30
0.0
 10
-63.664419
 20
12.523371
 30
0.0
 10
-62.465446
 20
13.222735
 30
0.0
 10
-61.260292
 20
12.534076
 30
0.0
  0
LWPOLYLINE
  5
3bc
100
AcDbEntity
  8
Layer_1
 62
7
100
AcDbPolyline
 90
6
 70
1
 10
-62.504119
 20
13.305566
 30
0.0
 10
-63.703092
 20
12.606201
 30
0.0
 10
-64.908246
 20
13.294860
 30
0.0
 10
-64.914419
 20
14.682884
 30
0.0
 10
-63.715446
 20
15.382246
 30
0.0
 10
-62.510292
 20
14.693587
 30
0.0
  0
LWPOLYLINE
  5
3bd
100
AcDbEntity
  8
Layer_1
 62
7
100
AcDbPolyline
 90
6
 70
1
 10
-63.754119
 20
15.465077
 30
0.0
 10
-64.953092
 20
14.765712
 30
0.0
 10
-66.158246
 20
15.454371
 30
0.0
 10
-66.164419
 20
16.842395
 30
0.0
 10
-64.965446
 20
17.541757
 30
0.0
 10
-63.760292
 20
16.853098
 30
0.0
  0
LWPOLYLINE
  5
3be
100
AcDbEntity
  8
Layer_1
 62
7
100
AcDbPolyline
 90
6
 70
1
 10
-65.004119
 20
17.624588
 30
0.0
 10
-66.203092
 20
16.925225
 30
0.0
 10
-67.408246
 20
17.613884
 30
0.0
 10
-67.414419
 20
19.001906
 30
0.0
 10
-66.215446
 20
19.701270
 30
0.0
 10
-65.010294
 20
19.012611
 30
0.0
  0
LWPOLYLINE
  5
3bf
100
AcDbEntity
  8
Layer_1
 62
7
100
AcDbPolyline
 90
6
 70
1
 10
-66.254121
 20
19.784101
 30
0.0
 10
-67.453092
 20
19.084736
 30
0.0
 10
-68.658246
 20
19.773395
 30
0.0
 10
-68.664419
 20
21.161419
 30
0.0
 10
-67.465446
 20
21.860781
 30
0.0
 10
-66.260294
 20
21.172122
 30
0.0
  0
LWPOLYLINE
  5
3c0
100
AcDbEntity
  8
Layer_1
 62
7
100
AcDbPolyline
 90
6
 70
1
 10
-67.504121
 20
21.943612
 30
0.0
 10
-68.703092
 20
21.244249
 30
0.0
 10
-69.908246
 20
21.932908
 30
0.0
 10
-69.914418
 20
23.320930
 30
0.0
 10
-68.715446
 20
24.020294
 30
0.0
 10
-67.510294
 20
23.331635
 30
0.0
  0
LWPOLYLINE
  5
3c1
100
AcDbEntity
  8
Layer_1
 62
7
100
AcDbPolyline
 90
6
 70
1
 10
-68.754121
 20
24.103123
 30
0.0
 10
-69.953093
 20
23.403760
 30
0.0
 10
-71.158245
 20
24.092419
 30
0.0
 10
-71.164418
 20
25.480441
 30
0.0
 10
-69.965446
 20
26.179805
 30
0.0
 10
-68.760293
 20
25.491146
 30
0.0
  0
LWPOLYLINE
  5
3c2
100
AcDbEntity
  8
Layer_1
 62
7
100
AcDbPolyline
 90
6
 70
1
 10
-70.004120
 20
26.262636
 30
0.0
 10
-71.203093
 20
25.563272
 30
0.0
 10
-72.408245
 20
26.251930
 30
0.0
 10
-72.414418
 20
27.639954
 30
0.0
 10
-71.215446
 20
28.339316
 30
0.0
 10
-70.010293
 20
27.650659
 30
0.0
  0
LWPOLYLINE
  5
3c3
100
AcDbEntity
  8
Layer_1
 62
7
100
AcDbPolyline
 90
6
 70
1
 10
-71.254120
 20
28.422149
 30
0.0
 10
-72.453093
 20
27.722784
 30
0.0
 10
-73.658245
 20
28.411443
 30
0.0
 10
-73.664418
 20
29.799465
 30
0.0
 10
-72.465446
 20
30.498829
 30
0.0
 10
-71.260293
 20
29.810170
 30
0.0
  0
LWPOLYLINE
  5
3c4
100
AcDbEntity
  8
Layer_1
 62
7
100
AcDbPolyline
 90
6
 70
1
 10
-72.504119
 20
30.581660
 30
0.0
 10
-73.703091
 20
29.882297
 30
0.0
 10
-74.908245
 20
30.570956
 30
0.0
 10
-74.914418
 20
31.958978
 30
0.0
 10
-73.715446
 20
32.658342
 30
0.0
 10
-72.510292
 20
31.969683
 30
0.0
  0
LWPOLYLINE
  5
3c5
100
AcDbEntity
  8
Layer_1
 62
7
100
AcDbPolyline
 90
6
 70
1
 10
-73.754119
 20
32.741171
 30
0.0
 10
-74.953091
 20
32.041808
 30
0.0
 10
-76.158245
 20
32.730467
 30
0.0
 10
-76.164418
 20
34.118489
 30
0.0
 10
-74.965445
 20
34.817853
 30
0.0
 10
-73.760291
 20
34.129194
 30
0.0
  0
LWPOLYLINE
  5
3c6
100
AcDbEntity
  8
Layer_1
 62
7
100
AcDbPolyline
 90
6
 70
1
 10
-75.004118
 20
34.900684
 30
0.0
 10
-76.203091
 20
34.201319
 30
0.0
 10
-77.408245
 20
34.889978
 30
0.0
 10
-77.414418
 20
36.278002
 30
0.0
 10
-76.215445
 20
36.977364
 30
0.0
 10
-75.010293
 20
36.288705
 30
0.0
  0
LWPOLYLINE
  5
3c7
100
AcDbEntity
  8
Layer_1
 62
7
100
AcDbPolyline
 90
6
 70
1
 10
-76.254120
 20
37.060195
 30
0.0
 10
-77.453091
 20
36.360832
 30
0.0
 10
-78.658245
 20
37.049491
 30
0.0
 10
-78.664418
 20
38.437513
 30
0.0
 10
-77.465445
 20
39.136877
 30
0.0
 10
-76.260293
 20
38.448218
 30
0.0
  0
LWPOLYLINE
  5
3c8
100
AcDbEntity
  8
Layer_1
 62
7
100
AcDbPolyline
 90
6
 70
1
 10
-77.504120
 20
39.219706
 30
0.0
 10
-78.703093
 20
38.520343
 30
0.0
 10
-79.908245
 20
39.209002
 30
0.0
 10
-79.914418
 20
40.597024
 30
0.0
 10
-78.715445
 20
41.296388
 30
0.0
 10
-77.510293
 20
40.607729
 30
0.0
  0
LWPOLYLINE
  5
3c9
100
AcDbEntity
  8
Layer_1
 62
7
100
AcDbPolyline
 90
6
 70
1
 10
-78.754120
 20
41.379218
 30
0.0
 10
-79.953093
 20
40.679855
 30
0.0
 10
-81.158245
 20
41.368514
 30
0.0
 10
-81.164418
 20
42.756536
 30
0.0
 10
-79.965445
 20
43.455900
 30
0.0
 10
-78.760293
 20
42.767241
 30
0.0
  0
LWPOLYLINE
  5
3ca
100
AcDbEntity
  8
Layer_1
 62
7
100
AcDbPolyline
 90
6
 70
1
 10
-80.004120
 20
43.538731
 30
0.0
 10
-81.203093
 20
42.839367
 30
0.0
 10
-82.408245
 20
43.528026
 30
0.0
 10
-82.414418
 20
44.916048
 30
0.0
 10
-81.215445
 20
45.615412
 30
0.0
 10
-80.010293
 20
44.926753
 30
0.0
  0
LWPOLYLINE
  5
3cb
100
AcDbEntity
  8
Layer_1
 62
7
100
AcDbPolyline
 90
6
 70
1
 10
-81.254120
 20
45.698243
 30
0.0
 10
-82.453092
 20
44.998879
 30
0.0
 10
-83.658245
 20
45.687538
 30
0.0
 10
-83.664418
 20
47.075560
 30
0.0
 10
-82.465445
 20
47.774924
 30
0.0
 10
-81.260293
 20
47.086265
 30
0.0
  0
LWPOLYLINE
  5
3cc
100
AcDbEntity
  8
Layer_1
 62
7
100
AcDbPolyline
 90
6
 70
1
 10
-82.504120
 20
47.857754
 30
0.0
 10
-83.703092
 20
47.158390
 30
0.0
 10
-84.908245
 20
47.847049
 30
0.0
 10
-84.914418
 20
49.235071
 30
0.0
 10
-83.715445
 20
49.934435
 30
0.0
 10
-82.510293
 20
49.245776
 30
0.0
  0
LWPOLYLINE
  5
3cd
100
AcDbEntity
  8
Layer_1
 62
7
100
AcDbPolyline
 90
6
 70
1
 10
-57.504121
 20
0.348494
 30
0.0
 10
-58.703092
 20
-0.350871
 30
0.0
 10
-59.908246
 20
0.337788
 30
0.0
 10
-59.914419
 20
1.725812
 30
0.0
 10
-58.715446
 20
2.425174
 30
0.0
 10
-57.510294
 20
1.736515
 30
0.0
  0
LWPOLYLINE
  5
3ce
100
AcDbEntity
  8
Layer_1
 62
7
100
AcDbPolyline
 90
6
 70
1
 10
-58.754121
 20
2.508005
 30
0.0
 10
-59.953094
 20
1.808642
 30
0.0
 10
-61.158246
 20
2.497301
 30
0.0
 10
-61.164419
 20
3.885323
 30
0.0
 10
-59.965446
 20
4.584687
 30
0.0
 10
-58.760294
 20
3.896028
 30
0.0
  0
LWPOLYLINE
  5
3cf
100
AcDbEntity
  8
Layer_1
 62
7
100
AcDbPolyline
 90
6
 70
1
 10
-60.004119
 20
4.667516
 30
0.0
 10
-61.203092
 20
3.968153
 30
0.0
 10
-62.408244
 20
4.656812
 30
0.0
 10
-62.414417
 20
6.044834
 30
0.0
 10
-61.215446
 20
6.744198
 30
0.0
 10
-60.010292
 20
6.055539
 30
0.0
  0
LWPOLYLINE
  5
3d0
100
AcDbEntity
  8
Layer_1
 62
7
100
AcDbPolyline
 90
6
 70
1
 10
-61.254119
 20
6.827029
 30
0.0
 10
-62.453092
 20
6.127665
 30
0.0
 10
-63.658246
 20
6.816324
 30
0.0
 10
-63.664419
 20
8.204347
 30
0.0
 10
-62.465446
 20
8.903709
 30
0.0
 10
-61.260292
 20
8.215052
 30
0.0
  0
LWPOLYLINE
  5
3d1
100
AcDbEntity
  8
Layer_1
 62
7
100
AcDbPolyline
 90
6
 70
1
 10
-62.504119
 20
8.986542
 30
0.0
 10
-63.703092
 20
8.287177
 30
0.0
 10
-64.908246
 20
8.975836
 30
0.0
 10
-64.914419
 20
10.363858
 30
0.0
 10
-63.715446
 20
11.063222
 30
0.0
 10
-62.510292
 20
10.374563
 30
0.0
  0
LWPOLYLINE
  5
3d2
100
AcDbEntity
  8
Layer_1
 62
7
100
AcDbPolyline
 90
6
 70
1
 10
-63.754119
 20
11.146053
 30
0.0
 10
-64.953092
 20
10.446690
 30
0.0
 10
-66.158246
 20
11.135349
 30
0.0
 10
-66.164419
 20
12.523371
 30
0.0
 10
-64.965446
 20
13.222735
 30
0.0
 10
-63.760292
 20
12.534076
 30
0.0
  0
LWPOLYLINE
  5
3d3
100
AcDbEntity
  8
Layer_1
 62
7
100
AcDbPolyline
 90
6
 70
1
 10
-65.004119
 20
13.305566
 30
0.0
 10
-66.203092
 20
12.606201
 30
0.0
 10
-67.408246
 20
13.294860
 30
0.0
 10
-67.414419
 20
14.682884
 30
0.0
 10
-66.215446
 20
15.382246
 30
0.0
 10
-65.010294
 20
14.693587
 30
0.0
  0
LWPOLYLINE
  5
3d4
100
AcDbEntity
  8
Layer_1
 62
7
100
AcDbPolyline
 90
6
 70
1
 10
-66.254121
 20
15.465077
 30
0.0
 10
-67.453092
 20
14.765712
 30
0.0
 10
-68.658246
 20
15.454371
 30
0.0
 10
-68.664419
 20
16.842395
 30
0.0
 10
-67.465446
 20
17.541757
 30
0.0
 10
-66.260294
 20
16.853098
 30
0.0
  0
LWPOLYLINE
  5
3d5
100
AcDbEntity
  8
Layer_1
 62
7
100
AcDbPolyline
 90
6
 70
1
 10
-67.504121
 20
17.624588
 30
0.0
 10
-68.703092
 20
16.925225
 30
0.0
 10
-69.908246
 20
17.613884
 30
0.0
 10
-69.914418
 20
19.001906
 30
0.0
 10
-68.715446
 20
19.701270
 30
0.0
 10
-67.510294
 20
19.012611
 30
0.0
  0
LWPOLYLINE
  5
3d6
100
AcDbEntity
  8
Layer_1
 62
7
100
AcDbPolyline
 90
6
 70
1
 10
-68.754121
 20
19.784101
 30
0.0
 10
-69.953093
 20
19.084736
 30
0.0
 10
-71.158245
 20
19.773395
 30
0.0
 10
-71.164418
 20
21.161419
 30
0.0
 10
-69.965446
 20
21.860781
 30
0.0
 10
-68.760293
 20
21.172122
 30
0.0
  0
LWPOLYLINE
  5
3d7
100
AcDbEntity
  8
Layer_1
 62
7
100
AcDbPolyline
 90
6
 70
1
 10
-70.004120
 20
21.943612
 30
0.0
 10
-71.203093
 20
21.244249
 30
0.0
 10
-72.408245
 20
21.932908
 30
0.0
 10
-72.414418
 20
23.320930
 30
0.0
 10
-71.215446
 20
24.020294
 30
0.0
 10
-70.010293
 20
23.331635
 30
0.0
  0
LWPOLYLINE
  5
3d8
100
AcDbEntity
  8
Layer_1
 62
7
100
AcDbPolyline
 90
6
 70
1
 10
-71.254120
 20
24.103123
 30
0.0
 10
-72.453093
 20
23.403760
 30
0.0
 10
-73.658245
 20
24.092419
 30
0.0
 10
-73.664418
 20
25.480441
 30
0.0
 10
-72.465446
 20
26.179805
 30
0.0
 10
-71.260293
 20
25.491146
 30
0.0
  0
LWPOLYLINE
  5
3d9
100
AcDbEntity
  8
Layer_1
 62
7
100
AcDbPolyline
 90
6
 70
1
 10
-72.504119
 20
26.262636
 30
0.0
 10
-73.703091
 20
25.563272
 30
0.0
 10
-74.908245
 20
26.251930
 30
0.0
 10
-74.914418
 20
27.639954
 30
0.0
 10
-73.715446
 20
28.339316
 30
0.0
 10
-72.510292
 20
27.650659
 30
0.0
  0
LWPOLYLINE
  5
3da
100
AcDbEntity
  8
Layer_1
 62
7
100
AcDbPolyline
 90
6
 70
1
 10
-73.754119
 20
28.422149
 30
0.0
 10
-74.953091
 20
27.722784
 30
0.0
 10
-76.158245
 20
28.411443
 30
0.0
 10
-76.164418
 20
29.799465
 30
0.0
 10
-74.965445
 20
30.498829
 30
0.0
 10
-73.760291
 20
29.810170
 30
0.0
  0
LWPOLYLINE
  5
3db
100
AcDbEntity
  8
Layer_1
 62
7
100
AcDbPolyline
 90
6
 70
1
 10
-75.004118
 20
30.581660
 30
0.0
 10
-76.203091
 20
29.882297
 30
0.0
 10
-77.408245
 20
30.570956
 30
0.0
 10
-77.414418
 20
31.958978
 30
0.0
 10
-76.215445
 20
32.658342
 30
0.0
 10
-75.010293
 20
31.969683
 30
0.0
  0
LWPOLYLINE
  5
3dc
100
AcDbEntity
  8
Layer_1
 62
7
100
AcDbPolyline
 90
6
 70
1
 10
-76.254120
 20
32.741171
 30
0.0
 10
-77.453091
 20
32.041808
 30
0.0
 10
-78.658245
 20
32.730467
 30
0.0
 10
-78.664418
 20
34.118489
 30
0.0
 10
-77.465445
 20
34.817853
 30
0.0
 10
-76.260293
 20
34.129194
 30
0.0
  0
LWPOLYLINE
  5
3dd
100
AcDbEntity
  8
Layer_1
 62
7
100
AcDbPolyline
 90
6
 70
1
 10
-77.504120
 20
34.900684
 30
0.0
 10
-78.703093
 20
34.201319
 30
0.0
 10
-79.908245
 20
34.889978
 30
0.0
 10
-79.914418
 20
36.278002
 30
0.0
 10
-78.715445
 20
36.977364
 30
0.0
 10
-77.510293
 20
36.288705
 30
0.0
  0
LWPOLYLINE
  5
3de
100
AcDbEntity
  8
Layer_1
 62
7
100
AcDbPolyline
 90
6
 70
1
 10
-78.754120
 20
37.060195
 30
0.0
 10
-79.953093
 20
36.360832
 30
0.0
 10
-81.158245
 20
37.049491
 30
0.0
 10
-81.164418
 20
38.437513
 30
0.0
 10
-79.965445
 20
39.136877
 30
0.0
 10
-78.760293
 20
38.448218
 30
0.0
  0
LWPOLYLINE
  5
3df
100
AcDbEntity
  8
Layer_1
 62
7
100
AcDbPolyline
 90
6
 70
1
 10
-80.004120
 20
39.219706
 30
0.0
 10
-81.203093
 20
38.520343
 30
0.0
 10
-82.408245
 20
39.209002
 30
0.0
 10
-82.414418
 20
40.597024
 30
0.0
 10
-81.215445
 20
41.296388
 30
0.0
 10
-80.010293
 20
40.607729
 30
0.0
  0
LWPOLYLINE
  5
3e0
100
AcDbEntity
  8
Layer_1
 62
7
100
AcDbPolyline
 90
6
 70
1
 10
-81.254120
 20
41.379218
 30
0.0
 10
-82.453092
 20
40.679855
 30
0.0
 10
-83.658245
 20
41.368514
 30
0.0
 10
-83.664418
 20
42.756536
 30
0.0
 10
-82.465445
 20
43.455900
 30
0.0
 10
-81.260293
 20
42.767241
 30
0.0
  0
LWPOLYLINE
  5
3e1
100
AcDbEntity
  8
Layer_1
 62
7
100
AcDbPolyline
 90
6
 70
1
 10
-82.504120
 20
43.538731
 30
0.0
 10
-83.703092
 20
42.839367
 30
0.0
 10
-84.908245
 20
43.528026
 30
0.0
 10
-84.914418
 20
44.916048
 30
0.0
 10
-83.715445
 20
45.615412
 30
0.0
 10
-82.510293
 20
44.926753
 30
0.0
  0
LWPOLYLINE
  5
3e2
100
AcDbEntity
  8
Layer_1
 62
7
100
AcDbPolyline
 90
6
 70
1
 10
-60.004119
 20
0.348494
 30
0.0
 10
-61.203092
 20
-0.350871
 30
0.0
 10
-62.408244
 20
0.337788
 30
0.0
 10
-62.414417
 20
1.725812
 30
0.0
 10
-61.215446
 20
2.425174
 30
0.0
 10
-60.010292
 20
1.736515
 30
0.0
  0
LWPOLYLINE
  5
3e3
100
AcDbEntity
  8
Layer_1
 62
7
100
AcDbPolyline
 90
6
 70
1
 10
-61.254119
 20
2.508005
 30
0.0
 10
-62.453092
 20
1.808642
 30
0.0
 10
-63.658246
 20
2.497301
 30
0.0
 10
-63.664419
 20
3.885323
 30
0.0
 10
-62.465446
 20
4.584687
 30
0.0
 10
-61.260292
 20
3.896028
 30
0.0
  0
LWPOLYLINE
  5
3e4
100
AcDbEntity
  8
Layer_1
 62
7
100
AcDbPolyline
 90
6
 70
1
 10
-62.504119
 20
4.667516
 30
0.0
 10
-63.703092
 20
3.968153
 30
0.0
 10
-64.908246
 20
4.656812
 30
0.0
 10
-64.914419
 20
6.044834
 30
0.0
 10
-63.715446
 20
6.744198
 30
0.0
 10
-62.510292
 20
6.055539
 30
0.0
  0
LWPOLYLINE
  5
3e5
100
AcDbEntity
  8
Layer_1
 62
7
100
AcDbPolyline
 90
6
 70
1
 10
-63.754119
 20
6.827029
 30
0.0
 10
-64.953092
 20
6.127665
 30
0.0
 10
-66.158246
 20
6.816324
 30
0.0
 10
-66.164419
 20
8.204347
 30
0.0
 10
-64.965446
 20
8.903709
 30
0.0
 10
-63.760292
 20
8.215052
 30
0.0
  0
LWPOLYLINE
  5
3e6
100
AcDbEntity
  8
Layer_1
 62
7
100
AcDbPolyline
 90
6
 70
1
 10
-65.004119
 20
8.986542
 30
0.0
 10
-66.203092
 20
8.287177
 30
0.0
 10
-67.408246
 20
8.975836
 30
0.0
 10
-67.414419
 20
10.363858
 30
0.0
 10
-66.215446
 20
11.063222
 30
0.0
 10
-65.010294
 20
10.374563
 30
0.0
  0
LWPOLYLINE
  5
3e7
100
AcDbEntity
  8
Layer_1
 62
7
100
AcDbPolyline
 90
6
 70
1
 10
-66.254121
 20
11.146053
 30
0.0
 10
-67.453092
 20
10.446690
 30
0.0
 10
-68.658246
 20
11.135349
 30
0.0
 10
-68.664419
 20
12.523371
 30
0.0
 10
-67.465446
 20
13.222735
 30
0.0
 10
-66.260294
 20
12.534076
 30
0.0
  0
LWPOLYLINE
  5
3e8
100
AcDbEntity
  8
Layer_1
 62
7
100
AcDbPolyline
 90
6
 70
1
 10
-67.504121
 20
13.305566
 30
0.0
 10
-68.703092
 20
12.606201
 30
0.0
 10
-69.908246
 20
13.294860
 30
0.0
 10
-69.914418
 20
14.682884
 30
0.0
 10
-68.715446
 20
15.382246
 30
0.0
 10
-67.510294
 20
14.693587
 30
0.0
  0
LWPOLYLINE
  5
3e9
100
AcDbEntity
  8
Layer_1
 62
7
100
AcDbPolyline
 90
6
 70
1
 10
-68.754121
 20
15.465077
 30
0.0
 10
-69.953093
 20
14.765712
 30
0.0
 10
-71.158245
 20
15.454371
 30
0.0
 10
-71.164418
 20
16.842395
 30
0.0
 10
-69.965446
 20
17.541757
 30
0.0
 10
-68.760293
 20
16.853098
 30
0.0
  0
LWPOLYLINE
  5
3ea
100
AcDbEntity
  8
Layer_1
 62
7
100
AcDbPolyline
 90
6
 70
1
 10
-70.004120
 20
17.624588
 30
0.0
 10
-71.203093
 20
16.925225
 30
0.0
 10
-72.408245
 20
17.613884
 30
0.0
 10
-72.414418
 20
19.001906
 30
0.0
 10
-71.215446
 20
19.701270
 30
0.0
 10
-70.010293
 20
19.012611
 30
0.0
  0
LWPOLYLINE
  5
3eb
100
AcDbEntity
  8
Layer_1
 62
7
100
AcDbPolyline
 90
6
 70
1
 10
-71.254120
 20
19.784101
 30
0.0
 10
-72.453093
 20
19.084736
 30
0.0
 10
-73.658245
 20
19.773395
 30
0.0
 10
-73.664418
 20
21.161419
 30
0.0
 10
-72.465446
 20
21.860781
 30
0.0
 10
-71.260293
 20
21.172122
 30
0.0
  0
LWPOLYLINE
  5
3ec
100
AcDbEntity
  8
Layer_1
 62
7
100
AcDbPolyline
 90
6
 70
1
 10
-72.504119
 20
21.943612
 30
0.0
 10
-73.703091
 20
21.244249
 30
0.0
 10
-74.908245
 20
21.932908
 30
0.0
 10
-74.914418
 20
23.320930
 30
0.0
 10
-73.715446
 20
24.020294
 30
0.0
 10
-72.510292
 20
23.331635
 30
0.0
  0
LWPOLYLINE
  5
3ed
100
AcDbEntity
  8
Layer_1
 62
7
100
AcDbPolyline
 90
6
 70
1
 10
-73.754119
 20
24.103123
 30
0.0
 10
-74.953091
 20
23.403760
 30
0.0
 10
-76.158245
 20
24.092419
 30
0.0
 10
-76.164418
 20
25.480441
 30
0.0
 10
-74.965445
 20
26.179805
 30
0.0
 10
-73.760291
 20
25.491146
 30
0.0
  0
LWPOLYLINE
  5
3ee
100
AcDbEntity
  8
Layer_1
 62
7
100
AcDbPolyline
 90
6
 70
1
 10
-75.004118
 20
26.262636
 30
0.0
 10
-76.203091
 20
25.563272
 30
0.0
 10
-77.408245
 20
26.251930
 30
0.0
 10
-77.414418
 20
27.639954
 30
0.0
 10
-76.215445
 20
28.339316
 30
0.0
 10
-75.010293
 20
27.650659
 30
0.0
  0
LWPOLYLINE
  5
3ef
100
AcDbEntity
  8
Layer_1
 62
7
100
AcDbPolyline
 90
6
 70
1
 10
-76.254120
 20
28.422149
 30
0.0
 10
-77.453091
 20
27.722784
 30
0.0
 10
-78.658245
 20
28.411443
 30
0.0
 10
-78.664418
 20
29.799465
 30
0.0
 10
-77.465445
 20
30.498829
 30
0.0
 10
-76.260293
 20
29.810170
 30
0.0
  0
LWPOLYLINE
  5
3f0
100
AcDbEntity
  8
Layer_1
 62
7
100
AcDbPolyline
 90
6
 70
1
 10
-77.504120
 20
30.581660
 30
0.0
 10
-78.703093
 20
29.882297
 30
0.0
 10
-79.908245
 20
30.570956
 30
0.0
 10
-79.914418
 20
31.958978
 30
0.0
 10
-78.715445
 20
32.658342
 30
0.0
 10
-77.510293
 20
31.969683
 30
0.0
  0
LWPOLYLINE
  5
3f1
100
AcDbEntity
  8
Layer_1
 62
7
100
AcDbPolyline
 90
6
 70
1
 10
-78.754120
 20
32.741171
 30
0.0
 10
-79.953093
 20
32.041808
 30
0.0
 10
-81.158245
 20
32.730467
 30
0.0
 10
-81.164418
 20
34.118489
 30
0.0
 10
-79.965445
 20
34.817853
 30
0.0
 10
-78.760293
 20
34.129194
 30
0.0
  0
LWPOLYLINE
  5
3f2
100
AcDbEntity
  8
Layer_1
 62
7
100
AcDbPolyline
 90
6
 70
1
 10
-80.004120
 20
34.900684
 30
0.0
 10
-81.203093
 20
34.201319
 30
0.0
 10
-82.408245
 20
34.889978
 30
0.0
 10
-82.414418
 20
36.278002
 30
0.0
 10
-81.215445
 20
36.977364
 30
0.0
 10
-80.010293
 20
36.288705
 30
0.0
  0
LWPOLYLINE
  5
3f3
100
AcDbEntity
  8
Layer_1
 62
7
100
AcDbPolyline
 90
6
 70
1
 10
-81.254120
 20
37.060195
 30
0.0
 10
-82.453092
 20
36.360832
 30
0.0
 10
-83.658245
 20
37.049491
 30
0.0
 10
-83.664418
 20
38.437513
 30
0.0
 10
-82.465445
 20
39.136877
 30
0.0
 10
-81.260293
 20
38.448218
 30
0.0
  0
LWPOLYLINE
  5
3f4
100
AcDbEntity
  8
Layer_1
 62
7
100
AcDbPolyline
 90
6
 70
1
 10
-82.504120
 20
39.219706
 30
0.0
 10
-83.703092
 20
38.520343
 30
0.0
 10
-84.908245
 20
39.209002
 30
0.0
 10
-84.914418
 20
40.597024
 30
0.0
 10
-83.715445
 20
41.296388
 30
0.0
 10
-82.510293
 20
40.607729
 30
0.0
  0
LWPOLYLINE
  5
3f5
100
AcDbEntity
  8
Layer_1
 62
7
100
AcDbPolyline
 90
6
 70
1
 10
-62.504119
 20
0.348494
 30
0.0
 10
-63.703092
 20
-0.350871
 30
0.0
 10
-64.908246
 20
0.337788
 30
0.0
 10
-64.914419
 20
1.725812
 30
0.0
 10
-63.715446
 20
2.425174
 30
0.0
 10
-62.510292
 20
1.736515
 30
0.0
  0
LWPOLYLINE
  5
3f6
100
AcDbEntity
  8
Layer_1
 62
7
100
AcDbPolyline
 90
6
 70
1
 10
-63.754119
 20
2.508005
 30
0.0
 10
-64.953092
 20
1.808642
 30
0.0
 10
-66.158246
 20
2.497301
 30
0.0
 10
-66.164419
 20
3.885323
 30
0.0
 10
-64.965446
 20
4.584687
 30
0.0
 10
-63.760292
 20
3.896028
 30
0.0
  0
LWPOLYLINE
  5
3f7
100
AcDbEntity
  8
Layer_1
 62
7
100
AcDbPolyline
 90
6
 70
1
 10
-65.004119
 20
4.667516
 30
0.0
 10
-66.203092
 20
3.968153
 30
0.0
 10
-67.408246
 20
4.656812
 30
0.0
 10
-67.414419
 20
6.044834
 30
0.0
 10
-66.215446
 20
6.744198
 30
0.0
 10
-65.010294
 20
6.055539
 30
0.0
  0
LWPOLYLINE
  5
3f8
100
AcDbEntity
  8
Layer_1
 62
7
100
AcDbPolyline
 90
6
 70
1
 10
-66.254121
 20
6.827029
 30
0.0
 10
-67.453092
 20
6.127665
 30
0.0
 10
-68.658246
 20
6.816324
 30
0.0
 10
-68.664419
 20
8.204347
 30
0.0
 10
-67.465446
 20
8.903709
 30
0.0
 10
-66.260294
 20
8.215052
 30
0.0
  0
LWPOLYLINE
  5
3f9
100
AcDbEntity
  8
Layer_1
 62
7
100
AcDbPolyline
 90
6
 70
1
 10
-67.504121
 20
8.986542
 30
0.0
 10
-68.703092
 20
8.287177
 30
0.0
 10
-69.908246
 20
8.975836
 30
0.0
 10
-69.914418
 20
10.363858
 30
0.0
 10
-68.715446
 20
11.063222
 30
0.0
 10
-67.510294
 20
10.374563
 30
0.0
  0
LWPOLYLINE
  5
3fa
100
AcDbEntity
  8
Layer_1
 62
7
100
AcDbPolyline
 90
6
 70
1
 10
-68.754121
 20
11.146053
 30
0.0
 10
-69.953093
 20
10.446690
 30
0.0
 10
-71.158245
 20
11.135349
 30
0.0
 10
-71.164418
 20
12.523371
 30
0.0
 10
-69.965446
 20
13.222735
 30
0.0
 10
-68.760293
 20
12.534076
 30
0.0
  0
LWPOLYLINE
  5
3fb
100
AcDbEntity
  8
Layer_1
 62
7
100
AcDbPolyline
 90
6
 70
1
 10
-70.004120
 20
13.305566
 30
0.0
 10
-71.203093
 20
12.606201
 30
0.0
 10
-72.408245
 20
13.294860
 30
0.0
 10
-72.414418
 20
14.682884
 30
0.0
 10
-71.215446
 20
15.382246
 30
0.0
 10
-70.010293
 20
14.693587
 30
0.0
  0
LWPOLYLINE
  5
3fc
100
AcDbEntity
  8
Layer_1
 62
7
100
AcDbPolyline
 90
6
 70
1
 10
-71.254120
 20
15.465077
 30
0.0
 10
-72.453093
 20
14.765712
 30
0.0
 10
-73.658245
 20
15.454371
 30
0.0
 10
-73.664418
 20
16.842395
 30
0.0
 10
-72.465446
 20
17.541757
 30
0.0
 10
-71.260293
 20
16.853098
 30
0.0
  0
LWPOLYLINE
  5
3fd
100
AcDbEntity
  8
Layer_1
 62
7
100
AcDbPolyline
 90
6
 70
1
 10
-72.504119
 20
17.624588
 30
0.0
 10
-73.703091
 20
16.925225
 30
0.0
 10
-74.908245
 20
17.613884
 30
0.0
 10
-74.914418
 20
19.001906
 30
0.0
 10
-73.715446
 20
19.701270
 30
0.0
 10
-72.510292
 20
19.012611
 30
0.0
  0
LWPOLYLINE
  5
3fe
100
AcDbEntity
  8
Layer_1
 62
7
100
AcDbPolyline
 90
6
 70
1
 10
-73.754119
 20
19.784101
 30
0.0
 10
-74.953091
 20
19.084736
 30
0.0
 10
-76.158245
 20
19.773395
 30
0.0
 10
-76.164418
 20
21.161419
 30
0.0
 10
-74.965445
 20
21.860781
 30
0.0
 10
-73.760291
 20
21.172122
 30
0.0
  0
LWPOLYLINE
  5
3ff
100
AcDbEntity
  8
Layer_1
 62
7
100
AcDbPolyline
 90
6
 70
1
 10
-75.004118
 20
21.943612
 30
0.0
 10
-76.203091
 20
21.244249
 30
0.0
 10
-77.408245
 20
21.932908
 30
0.0
 10
-77.414418
 20
23.320930
 30
0.0
 10
-76.215445
 20
24.020294
 30
0.0
 10
-75.010293
 20
23.331635
 30
0.0
  0
LWPOLYLINE
  5
400
100
AcDbEntity
  8
Layer_1
 62
7
100
AcDbPolyline
 90
6
 70
1
 10
-76.254120
 20
24.103123
 30
0.0
 10
-77.453091
 20
23.403760
 30
0.0
 10
-78.658245
 20
24.092419
 30
0.0
 10
-78.664418
 20
25.480441
 30
0.0
 10
-77.465445
 20
26.179805
 30
0.0
 10
-76.260293
 20
25.491146
 30
0.0
  0
LWPOLYLINE
  5
401
100
AcDbEntity
  8
Layer_1
 62
7
100
AcDbPolyline
 90
6
 70
1
 10
-77.504120
 20
26.262636
 30
0.0
 10
-78.703093
 20
25.563272
 30
0.0
 10
-79.908245
 20
26.251930
 30
0.0
 10
-79.914418
 20
27.639954
 30
0.0
 10
-78.715445
 20
28.339316
 30
0.0
 10
-77.510293
 20
27.650659
 30
0.0
  0
LWPOLYLINE
  5
402
100
AcDbEntity
  8
Layer_1
 62
7
100
AcDbPolyline
 90
6
 70
1
 10
-78.754120
 20
28.422149
 30
0.0
 10
-79.953093
 20
27.722784
 30
0.0
 10
-81.158245
 20
28.411443
 30
0.0
 10
-81.164418
 20
29.799465
 30
0.0
 10
-79.965445
 20
30.498829
 30
0.0
 10
-78.760293
 20
29.810170
 30
0.0
  0
LWPOLYLINE
  5
403
100
AcDbEntity
  8
Layer_1
 62
7
100
AcDbPolyline
 90
6
 70
1
 10
-80.004120
 20
30.581660
 30
0.0
 10
-81.203093
 20
29.882297
 30
0.0
 10
-82.408245
 20
30.570956
 30
0.0
 10
-82.414418
 20
31.958978
 30
0.0
 10
-81.215445
 20
32.658342
 30
0.0
 10
-80.010293
 20
31.969683
 30
0.0
  0
LWPOLYLINE
  5
404
100
AcDbEntity
  8
Layer_1
 62
7
100
AcDbPolyline
 90
6
 70
1
 10
-81.254120
 20
32.741171
 30
0.0
 10
-82.453092
 20
32.041808
 30
0.0
 10
-83.658245
 20
32.730467
 30
0.0
 10
-83.664418
 20
34.118489
 30
0.0
 10
-82.465445
 20
34.817853
 30
0.0
 10
-81.260293
 20
34.129194
 30
0.0
  0
LWPOLYLINE
  5
405
100
AcDbEntity
  8
Layer_1
 62
7
100
AcDbPolyline
 90
6
 70
1
 10
-82.504120
 20
34.900684
 30
0.0
 10
-83.703092
 20
34.201319
 30
0.0
 10
-84.908245
 20
34.889978
 30
0.0
 10
-84.914418
 20
36.278002
 30
0.0
 10
-83.715445
 20
36.977364
 30
0.0
 10
-82.510293
 20
36.288705
 30
0.0
  0
LWPOLYLINE
  5
406
100
AcDbEntity
  8
Layer_1
 62
7
100
AcDbPolyline
 90
6
 70
1
 10
-65.004119
 20
0.348494
 30
0.0
 10
-66.203092
 20
-0.350871
 30
0.0
 10
-67.408246
 20
0.337788
 30
0.0
 10
-67.414419
 20
1.725812
 30
0.0
 10
-66.215446
 20
2.425174
 30
0.0
 10
-65.010294
 20
1.736515
 30
0.0
  0
LWPOLYLINE
  5
407
100
AcDbEntity
  8
Layer_1
 62
7
100
AcDbPolyline
 90
6
 70
1
 10
-66.254121
 20
2.508005
 30
0.0
 10
-67.453092
 20
1.808642
 30
0.0
 10
-68.658246
 20
2.497301
 30
0.0
 10
-68.664419
 20
3.885323
 30
0.0
 10
-67.465446
 20
4.584687
 30
0.0
 10
-66.260294
 20
3.896028
 30
0.0
  0
LWPOLYLINE
  5
408
100
AcDbEntity
  8
Layer_1
 62
7
100
AcDbPolyline
 90
6
 70
1
 10
-67.504121
 20
4.667516
 30
0.0
 10
-68.703092
 20
3.968153
 30
0.0
 10
-69.908246
 20
4.656812
 30
0.0
 10
-69.914418
 20
6.044834
 30
0.0
 10
-68.715446
 20
6.744198
 30
0.0
 10
-67.510294
 20
6.055539
 30
0.0
  0
LWPOLYLINE
  5
409
100
AcDbEntity
  8
Layer_1
 62
7
100
AcDbPolyline
 90
6
 70
1
 10
-68.754121
 20
6.827029
 30
0.0
 10
-69.953093
 20
6.127665
 30
0.0
 10
-71.158245
 20
6.816324
 30
0.0
 10
-71.164418
 20
8.204347
 30
0.0
 10
-69.965446
 20
8.903709
 30
0.0
 10
-68.760293
 20
8.215052
 30
0.0
  0
LWPOLYLINE
  5
40a
100
AcDbEntity
  8
Layer_1
 62
7
100
AcDbPolyline
 90
6
 70
1
 10
-70.004120
 20
8.986542
 30
0.0
 10
-71.203093
 20
8.287177
 30
0.0
 10
-72.408245
 20
8.975836
 30
0.0
 10
-72.414418
 20
10.363858
 30
0.0
 10
-71.215446
 20
11.063222
 30
0.0
 10
-70.010293
 20
10.374563
 30
0.0
  0
LWPOLYLINE
  5
40b
100
AcDbEntity
  8
Layer_1
 62
7
100
AcDbPolyline
 90
6
 70
1
 10
-71.254120
 20
11.146053
 30
0.0
 10
-72.453093
 20
10.446690
 30
0.0
 10
-73.658245
 20
11.135349
 30
0.0
 10
-73.664418
 20
12.523371
 30
0.0
 10
-72.465446
 20
13.222735
 30
0.0
 10
-71.260293
 20
12.534076
 30
0.0
  0
LWPOLYLINE
  5
40c
100
AcDbEntity
  8
Layer_1
 62
7
100
AcDbPolyline
 90
6
 70
1
 10
-72.504119
 20
13.305566
 30
0.0
 10
-73.703091
 20
12.606201
 30
0.0
 10
-74.908245
 20
13.294860
 30
0.0
 10
-74.914418
 20
14.682884
 30
0.0
 10
-73.715446
 20
15.382246
 30
0.0
 10
-72.510292
 20
14.693587
 30
0.0
  0
LWPOLYLINE
  5
40d
100
AcDbEntity
  8
Layer_1
 62
7
100
AcDbPolyline
 90
6
 70
1
 10
-73.754119
 20
15.465077
 30
0.0
 10
-74.953091
 20
14.765712
 30
0.0
 10
-76.158245
 20
15.454371
 30
0.0
 10
-76.164418
 20
16.842395
 30
0.0
 10
-74.965445
 20
17.541757
 30
0.0
 10
-73.760291
 20
16.853098
 30
0.0
  0
LWPOLYLINE
  5
40e
100
AcDbEntity
  8
Layer_1
 62
7
100
AcDbPolyline
 90
6
 70
1
 10
-75.004118
 20
17.624588
 30
0.0
 10
-76.203091
 20
16.925225
 30
0.0
 10
-77.408245
 20
17.613884
 30
0.0
 10
-77.414418
 20
19.001906
 30
0.0
 10
-76.215445
 20
19.701270
 30
0.0
 10
-75.010293
 20
19.012611
 30
0.0
  0
LWPOLYLINE
  5
40f
100
AcDbEntity
  8
Layer_1
 62
7
100
AcDbPolyline
 90
6
 70
1
 10
-76.254120
 20
19.784101
 30
0.0
 10
-77.453091
 20
19.084736
 30
0.0
 10
-78.658245
 20
19.773395
 30
0.0
 10
-78.664418
 20
21.161419
 30
0.0
 10
-77.465445
 20
21.860781
 30
0.0
 10
-76.260293
 20
21.172122
 30
0.0
  0
LWPOLYLINE
  5
410
100
AcDbEntity
  8
Layer_1
 62
7
100
AcDbPolyline
 90
6
 70
1
 10
-77.504120
 20
21.943612
 30
0.0
 10
-78.703093
 20
21.244249
 30
0.0
 10
-79.908245
 20
21.932908
 30
0.0
 10
-79.914418
 20
23.320930
 30
0.0
 10
-78.715445
 20
24.020294
 30
0.0
 10
-77.510293
 20
23.331635
 30
0.0
  0
LWPOLYLINE
  5
411
100
AcDbEntity
  8
Layer_1
 62
7
100
AcDbPolyline
 90
6
 70
1
 10
-78.754120
 20
24.103123
 30
0.0
 10
-79.953093
 20
23.403760
 30
0.0
 10
-81.158245
 20
24.092419
 30
0.0
 10
-81.164418
 20
25.480441
 30
0.0
 10
-79.965445
 20
26.179805
 30
0.0
 10
-78.760293
 20
25.491146
 30
0.0
  0
LWPOLYLINE
  5
412
100
AcDbEntity
  8
Layer_1
 62
7
100
AcDbPolyline
 90
6
 70
1
 10
-80.004120
 20
26.262636
 30
0.0
 10
-81.203093
 20
25.563272
 30
0.0
 10
-82.408245
 20
26.251930
 30
0.0
 10
-82.414418
 20
27.639954
 30
0.0
 10
-81.215445
 20
28.339316
 30
0.0
 10
-80.010293
 20
27.650659
 30
0.0
  0
LWPOLYLINE
  5
413
100
AcDbEntity
  8
Layer_1
 62
7
100
AcDbPolyline
 90
6
 70
1
 10
-81.254120
 20
28.422149
 30
0.0
 10
-82.453092
 20
27.722784
 30
0.0
 10
-83.658245
 20
28.411443
 30
0.0
 10
-83.664418
 20
29.799465
 30
0.0
 10
-82.465445
 20
30.498829
 30
0.0
 10
-81.260293
 20
29.810170
 30
0.0
  0
LWPOLYLINE
  5
414
100
AcDbEntity
  8
Layer_1
 62
7
100
AcDbPolyline
 90
6
 70
1
 10
-82.504120
 20
30.581660
 30
0.0
 10
-83.703092
 20
29.882297
 30
0.0
 10
-84.908245
 20
30.570956
 30
0.0
 10
-84.914418
 20
31.958978
 30
0.0
 10
-83.715445
 20
32.658342
 30
0.0
 10
-82.510293
 20
31.969683
 30
0.0
  0
LWPOLYLINE
  5
415
100
AcDbEntity
  8
Layer_1
 62
7
100
AcDbPolyline
 90
6
 70
1
 10
-67.504121
 20
0.348494
 30
0.0
 10
-68.703092
 20
-0.350871
 30
0.0
 10
-69.908246
 20
0.337788
 30
0.0
 10
-69.914418
 20
1.725812
 30
0.0
 10
-68.715446
 20
2.425174
 30
0.0
 10
-67.510294
 20
1.736515
 30
0.0
  0
LWPOLYLINE
  5
416
100
AcDbEntity
  8
Layer_1
 62
7
100
AcDbPolyline
 90
6
 70
1
 10
-68.754121
 20
2.508005
 30
0.0
 10
-69.953093
 20
1.808642
 30
0.0
 10
-71.158245
 20
2.497301
 30
0.0
 10
-71.164418
 20
3.885323
 30
0.0
 10
-69.965446
 20
4.584687
 30
0.0
 10
-68.760293
 20
3.896028
 30
0.0
  0
LWPOLYLINE
  5
417
100
AcDbEntity
  8
Layer_1
 62
7
100
AcDbPolyline
 90
6
 70
1
 10
-70.004120
 20
4.667516
 30
0.0
 10
-71.203093
 20
3.968153
 30
0.0
 10
-72.408245
 20
4.656812
 30
0.0
 10
-72.414418
 20
6.044834
 30
0.0
 10
-71.215446
 20
6.744198
 30
0.0
 10
-70.010293
 20
6.055539
 30
0.0
  0
LWPOLYLINE
  5
418
100
AcDbEntity
  8
Layer_1
 62
7
100
AcDbPolyline
 90
6
 70
1
 10
-71.254120
 20
6.827029
 30
0.0
 10
-72.453093
 20
6.127665
 30
0.0
 10
-73.658245
 20
6.816324
 30
0.0
 10
-73.664418
 20
8.204347
 30
0.0
 10
-72.465446
 20
8.903709
 30
0.0
 10
-71.260293
 20
8.215052
 30
0.0
  0
LWPOLYLINE
  5
419
100
AcDbEntity
  8
Layer_1
 62
7
100
AcDbPolyline
 90
6
 70
1
 10
-72.504119
 20
8.986542
 30
0.0
 10
-73.703091
 20
8.287177
 30
0.0
 10
-74.908245
 20
8.975836
 30
0.0
 10
-74.914418
 20
10.363858
 30
0.0
 10
-73.715446
 20
11.063222
 30
0.0
 10
-72.510292
 20
10.374563
 30
0.0
  0
LWPOLYLINE
  5
41a
100
AcDbEntity
  8
Layer_1
 62
7
100
AcDbPolyline
 90
6
 70
1
 10
-73.754119
 20
11.146053
 30
0.0
 10
-74.953091
 20
10.446690
 30
0.0
 10
-76.158245
 20
11.135349
 30
0.0
 10
-76.164418
 20
12.523371
 30
0.0
 10
-74.965445
 20
13.222735
 30
0.0
 10
-73.760291
 20
12.534076
 30
0.0
  0
LWPOLYLINE
  5
41b
100
AcDbEntity
  8
Layer_1
 62
7
100
AcDbPolyline
 90
6
 70
1
 10
-75.004118
 20
13.305566
 30
0.0
 10
-76.203091
 20
12.606201
 30
0.0
 10
-77.408245
 20
13.294860
 30
0.0
 10
-77.414418
 20
14.682884
 30
0.0
 10
-76.215445
 20
15.382246
 30
0.0
 10
-75.010293
 20
14.693587
 30
0.0
  0
LWPOLYLINE
  5
41c
100
AcDbEntity
  8
Layer_1
 62
7
100
AcDbPolyline
 90
6
 70
1
 10
-76.254120
 20
15.465077
 30
0.0
 10
-77.453091
 20
14.765712
 30
0.0
 10
-78.658245
 20
15.454371
 30
0.0
 10
-78.664418
 20
16.842395
 30
0.0
 10
-77.465445
 20
17.541757
 30
0.0
 10
-76.260293
 20
16.853098
 30
0.0
  0
LWPOLYLINE
  5
41d
100
AcDbEntity
  8
Layer_1
 62
7
100
AcDbPolyline
 90
6
 70
1
 10
-77.504120
 20
17.624588
 30
0.0
 10
-78.703093
 20
16.925225
 30
0.0
 10
-79.908245
 20
17.613884
 30
0.0
 10
-79.914418
 20
19.001906
 30
0.0
 10
-78.715445
 20
19.701270
 30
0.0
 10
-77.510293
 20
19.012611
 30
0.0
  0
LWPOLYLINE
  5
41e
100
AcDbEntity
  8
Layer_1
 62
7
100
AcDbPolyline
 90
6
 70
1
 10
-78.754120
 20
19.784101
 30
0.0
 10
-79.953093
 20
19.084736
 30
0.0
 10
-81.158245
 20
19.773395
 30
0.0
 10
-81.164418
 20
21.161419
 30
0.0
 10
-79.965445
 20
21.860781
 30
0.0
 10
-78.760293
 20
21.172122
 30
0.0
  0
LWPOLYLINE
  5
41f
100
AcDbEntity
  8
Layer_1
 62
7
100
AcDbPolyline
 90
6
 70
1
 10
-80.004120
 20
21.943612
 30
0.0
 10
-81.203093
 20
21.244249
 30
0.0
 10
-82.408245
 20
21.932908
 30
0.0
 10
-82.414418
 20
23.320930
 30
0.0
 10
-81.215445
 20
24.020294
 30
0.0
 10
-80.010293
 20
23.331635
 30
0.0
  0
LWPOLYLINE
  5
420
100
AcDbEntity
  8
Layer_1
 62
7
100
AcDbPolyline
 90
6
 70
1
 10
-81.254120
 20
24.103123
 30
0.0
 10
-82.453092
 20
23.403760
 30
0.0
 10
-83.658245
 20
24.092419
 30
0.0
 10
-83.664418
 20
25.480441
 30
0.0
 10
-82.465445
 20
26.179805
 30
0.0
 10
-81.260293
 20
25.491146
 30
0.0
  0
LWPOLYLINE
  5
421
100
AcDbEntity
  8
Layer_1
 62
7
100
AcDbPolyline
 90
6
 70
1
 10
-82.504120
 20
26.262636
 30
0.0
 10
-83.703092
 20
25.563272
 30
0.0
 10
-84.908245
 20
26.251930
 30
0.0
 10
-84.914418
 20
27.639954
 30
0.0
 10
-83.715445
 20
28.339316
 30
0.0
 10
-82.510293
 20
27.650659
 30
0.0
  0
LWPOLYLINE
  5
422
100
AcDbEntity
  8
Layer_1
 62
7
100
AcDbPolyline
 90
6
 70
1
 10
-70.004120
 20
0.348494
 30
0.0
 10
-71.203093
 20
-0.350871
 30
0.0
 10
-72.408245
 20
0.337788
 30
0.0
 10
-72.414418
 20
1.725812
 30
0.0
 10
-71.215446
 20
2.425174
 30
0.0
 10
-70.010293
 20
1.736515
 30
0.0
  0
LWPOLYLINE
  5
423
100
AcDbEntity
  8
Layer_1
 62
7
100
AcDbPolyline
 90
6
 70
1
 10
-71.254120
 20
2.508005
 30
0.0
 10
-72.453093
 20
1.808642
 30
0.0
 10
-73.658245
 20
2.497301
 30
0.0
 10
-73.664418
 20
3.885323
 30
0.0
 10
-72.465446
 20
4.584687
 30
0.0
 10
-71.260293
 20
3.896028
 30
0.0
  0
LWPOLYLINE
  5
424
100
AcDbEntity
  8
Layer_1
 62
7
100
AcDbPolyline
 90
6
 70
1
 10
-72.504119
 20
4.667516
 30
0.0
 10
-73.703091
 20
3.968153
 30
0.0
 10
-74.908245
 20
4.656812
 30
0.0
 10
-74.914418
 20
6.044834
 30
0.0
 10
-73.715446
 20
6.744198
 30
0.0
 10
-72.510292
 20
6.055539
 30
0.0
  0
LWPOLYLINE
  5
425
100
AcDbEntity
  8
Layer_1
 62
7
100
AcDbPolyline
 90
6
 70
1
 10
-73.754119
 20
6.827029
 30
0.0
 10
-74.953091
 20
6.127665
 30
0.0
 10
-76.158245
 20
6.816324
 30
0.0
 10
-76.164418
 20
8.204347
 30
0.0
 10
-74.965445
 20
8.903709
 30
0.0
 10
-73.760291
 20
8.215052
 30
0.0
  0
LWPOLYLINE
  5
426
100
AcDbEntity
  8
Layer_1
 62
7
100
AcDbPolyline
 90
6
 70
1
 10
-75.004118
 20
8.986542
 30
0.0
 10
-76.203091
 20
8.287177
 30
0.0
 10
-77.408245
 20
8.975836
 30
0.0
 10
-77.414418
 20
10.363858
 30
0.0
 10
-76.215445
 20
11.063222
 30
0.0
 10
-75.010293
 20
10.374563
 30
0.0
  0
LWPOLYLINE
  5
427
100
AcDbEntity
  8
Layer_1
 62
7
100
AcDbPolyline
 90
6
 70
1
 10
-76.254120
 20
11.146053
 30
0.0
 10
-77.453091
 20
10.446690
 30
0.0
 10
-78.658245
 20
11.135349
 30
0.0
 10
-78.664418
 20
12.523371
 30
0.0
 10
-77.465445
 20
13.222735
 30
0.0
 10
-76.260293
 20
12.534076
 30
0.0
  0
LWPOLYLINE
  5
428
100
AcDbEntity
  8
Layer_1
 62
7
100
AcDbPolyline
 90
6
 70
1
 10
-77.504120
 20
13.305566
 30
0.0
 10
-78.703093
 20
12.606201
 30
0.0
 10
-79.908245
 20
13.294860
 30
0.0
 10
-79.914418
 20
14.682884
 30
0.0
 10
-78.715445
 20
15.382246
 30
0.0
 10
-77.510293
 20
14.693587
 30
0.0
  0
LWPOLYLINE
  5
429
100
AcDbEntity
  8
Layer_1
 62
7
100
AcDbPolyline
 90
6
 70
1
 10
-78.754120
 20
15.465077
 30
0.0
 10
-79.953093
 20
14.765712
 30
0.0
 10
-81.158245
 20
15.454371
 30
0.0
 10
-81.164418
 20
16.842395
 30
0.0
 10
-79.965445
 20
17.541757
 30
0.0
 10
-78.760293
 20
16.853098
 30
0.0
  0
LWPOLYLINE
  5
42a
100
AcDbEntity
  8
Layer_1
 62
7
100
AcDbPolyline
 90
6
 70
1
 10
-80.004120
 20
17.624588
 30
0.0
 10
-81.203093
 20
16.925225
 30
0.0
 10
-82.408245
 20
17.613884
 30
0.0
 10
-82.414418
 20
19.001906
 30
0.0
 10
-81.215445
 20
19.701270
 30
0.0
 10
-80.010293
 20
19.012611
 30
0.0
  0
LWPOLYLINE
  5
42b
100
AcDbEntity
  8
Layer_1
 62
7
100
AcDbPolyline
 90
6
 70
1
 10
-81.254120
 20
19.784101
 30
0.0
 10
-82.453092
 20
19.084736
 30
0.0
 10
-83.658245
 20
19.773395
 30
0.0
 10
-83.664418
 20
21.161419
 30
0.0
 10
-82.465445
 20
21.860781
 30
0.0
 10
-81.260293
 20
21.172122
 30
0.0
  0
LWPOLYLINE
  5
42c
100
AcDbEntity
  8
Layer_1
 62
7
100
AcDbPolyline
 90
6
 70
1
 10
-82.504120
 20
21.943612
 30
0.0
 10
-83.703092
 20
21.244249
 30
0.0
 10
-84.908245
 20
21.932908
 30
0.0
 10
-84.914418
 20
23.320930
 30
0.0
 10
-83.715445
 20
24.020294
 30
0.0
 10
-82.510293
 20
23.331635
 30
0.0
  0
LWPOLYLINE
  5
42d
100
AcDbEntity
  8
Layer_1
 62
7
100
AcDbPolyline
 90
6
 70
1
 10
-72.504119
 20
0.348494
 30
0.0
 10
-73.703091
 20
-0.350871
 30
0.0
 10
-74.908245
 20
0.337788
 30
0.0
 10
-74.914418
 20
1.725812
 30
0.0
 10
-73.715446
 20
2.425174
 30
0.0
 10
-72.510292
 20
1.736515
 30
0.0
  0
LWPOLYLINE
  5
42e
100
AcDbEntity
  8
Layer_1
 62
7
100
AcDbPolyline
 90
6
 70
1
 10
-73.754119
 20
2.508005
 30
0.0
 10
-74.953091
 20
1.808642
 30
0.0
 10
-76.158245
 20
2.497301
 30
0.0
 10
-76.164418
 20
3.885323
 30
0.0
 10
-74.965445
 20
4.584687
 30
0.0
 10
-73.760291
 20
3.896028
 30
0.0
  0
LWPOLYLINE
  5
42f
100
AcDbEntity
  8
Layer_1
 62
7
100
AcDbPolyline
 90
6
 70
1
 10
-75.004118
 20
4.667516
 30
0.0
 10
-76.203091
 20
3.968153
 30
0.0
 10
-77.408245
 20
4.656812
 30
0.0
 10
-77.414418
 20
6.044834
 30
0.0
 10
-76.215445
 20
6.744198
 30
0.0
 10
-75.010293
 20
6.055539
 30
0.0
  0
LWPOLYLINE
  5
430
100
AcDbEntity
  8
Layer_1
 62
7
100
AcDbPolyline
 90
6
 70
1
 10
-76.254120
 20
6.827029
 30
0.0
 10
-77.453091
 20
6.127665
 30
0.0
 10
-78.658245
 20
6.816324
 30
0.0
 10
-78.664418
 20
8.204347
 30
0.0
 10
-77.465445
 20
8.903709
 30
0.0
 10
-76.260293
 20
8.215052
 30
0.0
  0
LWPOLYLINE
  5
431
100
AcDbEntity
  8
Layer_1
 62
7
100
AcDbPolyline
 90
6
 70
1
 10
-77.504120
 20
8.986542
 30
0.0
 10
-78.703093
 20
8.287177
 30
0.0
 10
-79.908245
 20
8.975836
 30
0.0
 10
-79.914418
 20
10.363858
 30
0.0
 10
-78.715445
 20
11.063222
 30
0.0
 10
-77.510293
 20
10.374563
 30
0.0
  0
LWPOLYLINE
  5
432
100
AcDbEntity
  8
Layer_1
 62
7
100
AcDbPolyline
 90
6
 70
1
 10
-78.754120
 20
11.146053
 30
0.0
 10
-79.953093
 20
10.446690
 30
0.0
 10
-81.158245
 20
11.135349
 30
0.0
 10
-81.164418
 20
12.523371
 30
0.0
 10
-79.965445
 20
13.222735
 30
0.0
 10
-78.760293
 20
12.534076
 30
0.0
  0
LWPOLYLINE
  5
433
100
AcDbEntity
  8
Layer_1
 62
7
100
AcDbPolyline
 90
6
 70
1
 10
-80.004120
 20
13.305566
 30
0.0
 10
-81.203093
 20
12.606201
 30
0.0
 10
-82.408245
 20
13.294860
 30
0.0
 10
-82.414418
 20
14.682884
 30
0.0
 10
-81.215445
 20
15.382246
 30
0.0
 10
-80.010293
 20
14.693587
 30
0.0
  0
LWPOLYLINE
  5
434
100
AcDbEntity
  8
Layer_1
 62
7
100
AcDbPolyline
 90
6
 70
1
 10
-81.254120
 20
15.465077
 30
0.0
 10
-82.453092
 20
14.765712
 30
0.0
 10
-83.658245
 20
15.454371
 30
0.0
 10
-83.664418
 20
16.842395
 30
0.0
 10
-82.465445
 20
17.541757
 30
0.0
 10
-81.260293
 20
16.853098
 30
0.0
  0
LWPOLYLINE
  5
435
100
AcDbEntity
  8
Layer_1
 62
7
100
AcDbPolyline
 90
6
 70
1
 10
-82.504120
 20
17.624588
 30
0.0
 10
-83.703092
 20
16.925225
 30
0.0
 10
-84.908245
 20
17.613884
 30
0.0
 10
-84.914418
 20
19.001906
 30
0.0
 10
-83.715445
 20
19.701270
 30
0.0
 10
-82.510293
 20
19.012611
 30
0.0
  0
LWPOLYLINE
  5
436
100
AcDbEntity
  8
Layer_1
 62
7
100
AcDbPolyline
 90
6
 70
1
 10
-75.004118
 20
0.348494
 30
0.0
 10
-76.203091
 20
-0.350871
 30
0.0
 10
-77.408245
 20
0.337788
 30
0.0
 10
-77.414418
 20
1.725812
 30
0.0
 10
-76.215445
 20
2.425174
 30
0.0
 10
-75.010293
 20
1.736515
 30
0.0
  0
LWPOLYLINE
  5
437
100
AcDbEntity
  8
Layer_1
 62
7
100
AcDbPolyline
 90
6
 70
1
 10
-76.254120
 20
2.508005
 30
0.0
 10
-77.453091
 20
1.808642
 30
0.0
 10
-78.658245
 20
2.497301
 30
0.0
 10
-78.664418
 20
3.885323
 30
0.0
 10
-77.465445
 20
4.584687
 30
0.0
 10
-76.260293
 20
3.896028
 30
0.0
  0
LWPOLYLINE
  5
438
100
AcDbEntity
  8
Layer_1
 62
7
100
AcDbPolyline
 90
6
 70
1
 10
-77.504120
 20
4.667516
 30
0.0
 10
-78.703093
 20
3.968153
 30
0.0
 10
-79.908245
 20
4.656812
 30
0.0
 10
-79.914418
 20
6.044834
 30
0.0
 10
-78.715445
 20
6.744198
 30
0.0
 10
-77.510293
 20
6.055539
 30
0.0
  0
LWPOLYLINE
  5
439
100
AcDbEntity
  8
Layer_1
 62
7
100
AcDbPolyline
 90
6
 70
1
 10
-78.754120
 20
6.827029
 30
0.0
 10
-79.953093
 20
6.127665
 30
0.0
 10
-81.158245
 20
6.816324
 30
0.0
 10
-81.164418
 20
8.204347
 30
0.0
 10
-79.965445
 20
8.903709
 30
0.0
 10
-78.760293
 20
8.215052
 30
0.0
  0
LWPOLYLINE
  5
43a
100
AcDbEntity
  8
Layer_1
 62
7
100
AcDbPolyline
 90
6
 70
1
 10
-80.004120
 20
8.986542
 30
0.0
 10
-81.203093
 20
8.287177
 30
0.0
 10
-82.408245
 20
8.975836
 30
0.0
 10
-82.414418
 20
10.363858
 30
0.0
 10
-81.215445
 20
11.063222
 30
0.0
 10
-80.010293
 20
10.374563
 30
0.0
  0
LWPOLYLINE
  5
43b
100
AcDbEntity
  8
Layer_1
 62
7
100
AcDbPolyline
 90
6
 70
1
 10
-81.254120
 20
11.146053
 30
0.0
 10
-82.453092
 20
10.446690
 30
0.0
 10
-83.658245
 20
11.135349
 30
0.0
 10
-83.664418
 20
12.523371
 30
0.0
 10
-82.465445
 20
13.222735
 30
0.0
 10
-81.260293
 20
12.534076
 30
0.0
  0
LWPOLYLINE
  5
43c
100
AcDbEntity
  8
Layer_1
 62
7
100
AcDbPolyline
 90
6
 70
1
 10
-82.504120
 20
13.305566
 30
0.0
 10
-83.703092
 20
12.606201
 30
0.0
 10
-84.908245
 20
13.294860
 30
0.0
 10
-84.914418
 20
14.682884
 30
0.0
 10
-83.715445
 20
15.382246
 30
0.0
 10
-82.510293
 20
14.693587
 30
0.0
  0
LWPOLYLINE
  5
43d
100
AcDbEntity
  8
Layer_1
 62
7
100
AcDbPolyline
 90
6
 70
1
 10
-77.504120
 20
0.348494
 30
0.0
 10
-78.703093
 20
-0.350871
 30
0.0
 10
-79.908245
 20
0.337788
 30
0.0
 10
-79.914418
 20
1.725812
 30
0.0
 10
-78.715445
 20
2.425174
 30
0.0
 10
-77.510293
 20
1.736515
 30
0.0
  0
LWPOLYLINE
  5
43e
100
AcDbEntity
  8
Layer_1
 62
7
100
AcDbPolyline
 90
6
 70
1
 10
-78.754120
 20
2.508005
 30
0.0
 10
-79.953093
 20
1.808642
 30
0.0
 10
-81.158245
 20
2.497301
 30
0.0
 10
-81.164418
 20
3.885323
 30
0.0
 10
-79.965445
 20
4.584687
 30
0.0
 10
-78.760293
 20
3.896028
 30
0.0
  0
LWPOLYLINE
  5
43f
100
AcDbEntity
  8
Layer_1
 62
7
100
AcDbPolyline
 90
6
 70
1
 10
-80.004120
 20
4.667516
 30
0.0
 10
-81.203093
 20
3.968153
 30
0.0
 10
-82.408245
 20
4.656812
 30
0.0
 10
-82.414418
 20
6.044834
 30
0.0
 10
-81.215445
 20
6.744198
 30
0.0
 10
-80.010293
 20
6.055539
 30
0.0
  0
LWPOLYLINE
  5
440
100
AcDbEntity
  8
Layer_1
 62
7
100
AcDbPolyline
 90
6
 70
1
 10
-81.254120
 20
6.827029
 30
0.0
 10
-82.453092
 20
6.127665
 30
0.0
 10
-83.658245
 20
6.816324
 30
0.0
 10
-83.664418
 20
8.204347
 30
0.0
 10
-82.465445
 20
8.903709
 30
0.0
 10
-81.260293
 20
8.215052
 30
0.0
  0
LWPOLYLINE
  5
441
100
AcDbEntity
  8
Layer_1
 62
7
100
AcDbPolyline
 90
6
 70
1
 10
-82.504120
 20
8.986542
 30
0.0
 10
-83.703092
 20
8.287177
 30
0.0
 10
-84.908245
 20
8.975836
 30
0.0
 10
-84.914418
 20
10.363858
 30
0.0
 10
-83.715445
 20
11.063222
 30
0.0
 10
-82.510293
 20
10.374563
 30
0.0
  0
LWPOLYLINE
  5
442
100
AcDbEntity
  8
Layer_1
 62
7
100
AcDbPolyline
 90
6
 70
1
 10
-80.004120
 20
0.348494
 30
0.0
 10
-81.203093
 20
-0.350871
 30
0.0
 10
-82.408245
 20
0.337788
 30
0.0
 10
-82.414418
 20
1.725812
 30
0.0
 10
-81.215445
 20
2.425174
 30
0.0
 10
-80.010293
 20
1.736515
 30
0.0
  0
LWPOLYLINE
  5
443
100
AcDbEntity
  8
Layer_1
 62
7
100
AcDbPolyline
 90
6
 70
1
 10
-81.254120
 20
2.508005
 30
0.0
 10
-82.453092
 20
1.808642
 30
0.0
 10
-83.658245
 20
2.497301
 30
0.0
 10
-83.664418
 20
3.885323
 30
0.0
 10
-82.465445
 20
4.584687
 30
0.0
 10
-81.260293
 20
3.896028
 30
0.0
  0
LWPOLYLINE
  5
444
100
AcDbEntity
  8
Layer_1
 62
7
100
AcDbPolyline
 90
6
 70
1
 10
-82.504120
 20
4.667516
 30
0.0
 10
-83.703092
 20
3.968153
 30
0.0
 10
-84.908245
 20
4.656812
 30
0.0
 10
-84.914418
 20
6.044834
 30
0.0
 10
-83.715445
 20
6.744198
 30
0.0
 10
-82.510293
 20
6.055539
 30
0.0
  0
LWPOLYLINE
  5
445
100
AcDbEntity
  8
Layer_1
 62
7
100
AcDbPolyline
 90
6
 70
1
 10
-82.504120
 20
0.348494
 30
0.0
 10
-83.703092
 20
-0.350871
 30
0.0
 10
-84.908245
 20
0.337788
 30
0.0
 10
-84.914418
 20
1.725812
 30
0.0
 10
-83.715445
 20
2.425174
 30
0.0
 10
-82.510293
 20
1.736515
 30
0.0
  0
ENDSEC
  0
SECTION
  2
OBJECTS
  0
DICTIONARY
  5
C
330
0
100
AcDbDictionary
  3
ACAD_GROUP
350
D
  3
ACAD_MLINESTYLE
350
17
  0
DICTIONARY
  5
D
330
C
100
AcDbDictionary
  0
DICTIONARY
  5
1A
330
C
100
AcDbDictionary
  0
DICTIONARY
  5
17
330
C
100
AcDbDictionary
  3
STANDARD
350
18
  0
DICTIONARY
  5
19
330
C
100
AcDbDictionary
  0
ENDSEC
  0
EOF
